Phy,Presence,Plant Type,Geographic Location,Nectary Location,Ecological Study,Reference,Present
Abarema_jupumba,1,tree,Surinam,petioles,,Keeler unpub.From herbarium specimen,1
Abarema_lucida,1,,Asia,petioles,,Keeler unpub.From herbarium specimen,1
Abarema_scutifera,1,shrub,,petioles,,Keeler unpub. From herbarium specimen,1
Abarema_turgida,1,shrub,,petioles,,Keeler unpub.From herbarium specimen,1
Acacia_abyssinica,1,tree,Malaysia,petiole,,"Keeler, unpub.",1
Acacia_acanthoclada,1,shrub,South Australia,petiole (phyllode),,"Keeler, unpub.",1
Acacia_acradenia,1,,Australia,base of phyllode,,Keeler unpub from herbarium specimen,1
Acacia_acuifera,1,shrub,"Bahamas, San Salvador","petiole, rachis",,Keeler unpub.; Miller 2008,1
Acacia_aculeatissima,1,shrub,Australia,base of phyllode,,"Keeler, unpub.",1
Acacia_acuminata var. burkittii,1,shrub,Australia,base of phyllode,,Keeler unpub from herbarium specimen,1
Acacia_adhaerens,1,vine,Brazil,"many, along rachis",,"Keeler, unpub.",1
Acacia_adunca,1,shrub,Australia,along back of phyllode,,"Keeler, unpub.",1
Acacia_allenii,1,tree,Central America,petiole,,Janzen 1974; Mille 2008,1
Acacia_amazonica,1,,Brazil,"many, along rachis",,,1
Acacia_amblygona,1,,,petiole,,Boughton 1981,1
Acacia_amentacea,1,shrub,Mexico,petiole,,"Keeler, unpub.",1
Acacia_amoena,1,shrub,Australia,along blade of phyllode,,"Keeler, unpub.",1
Acacia_anegadensis,1,tree,"Anegada, British Virgin Islands","petiole,",,Miller 2008,1
Acacia_aneura,1,,,petiole,,Boughton 1981,1
Acacia_angustissima,1,tree,Mexico,petiole,,"Keeler, unpub.",1
Acacia_asparagoides,1,shrub,Australia,base of phyllode,,Zimmermann 1932; Ross and Gordon-Gray 1966b; Boughton 1983,1
Acacia_ataxacantha,1,lianous shrub,West Africa,,,Zimmermann 1932; Ross and Gordon-Gray 1966b; Boughton 1984,1
Acacia_attenuata,1,shrub,Australia,base of phyllode,,Keeler unpub from herbariumspecimen,1
Acacia_aulacocarpa,1,small tree,Australia,base of phyllode,,Boughton 1981,1
Acacia_auriculiformis,1,tree,"Australia, Hong Kong",base of phyllodes,,"Keeler, pers. obs.; So 2004",1
Acacia_ausfeldii,1,shrub,Australia,base of phyllode,,Keeler unpub from herbariumspecimen,1
Acacia_baileyana,1,,,petiole,,Keeler unpub from herbariumspecimen,1
Acacia_barahonensis,1,shrub,Dominican Republic,petiole,,Miller 2008,1
Acacia_baronii,1,,Australia,base of phyllode,,Keeler unpub from herbariumspecimen,1
Acacia_belairioides,1,tree,Cuba,petiole,,Miller 2008,1
Acacia_berlanderii,1,shrub,Mexico,petiole,,Keeler unpub from herbariumspecimen,1
Acacia_betchei,1,shrub,Australia,base of phyllode,,Keeler unpub from herbariumspecimen,1
Acacia_biaciculata,1,prostrate shrub,Mexico,petiole,,Miller 2008,1
Acacia_bilimeki,1,tree,Mexico,petiole,,Miller 2008,1
Acacia_blakei,1,small tree,Australia,base of phyllode,,Keeler unpub from herbarium specimen,1
Acacia_blakelyi,1,,Australia,base of phyllode,,Keeler unpub from herbarium specimen,1
Acacia_brachystachya,1,tree,Australia,base of phyllode,,Keeler unpub from herbariumspecimen,1
Acacia_brandageana,1,shrub,Baja California,petiole,,Miller 2008,1
Acacia_brevispica,1,,Africa,petiole,,Ross and Gordon-Gray 1966b,1
Acacia_bucheri,1,tree,Cuba,petiole,,Miller 2008,1
Acacia_caesia,1,,Pacific Basin,petiole,,Keeler unpub from herbariumspecimen,1
Acacia_caffra,1,tree,Africa,petiole,,,1
Acacia_calamifolia,1,,,,,Zimmermann 1932,1
Acacia_calyculata,1,herb,Australia,base of phyllode,,Keeler unpub from herbariumspecimen,1
Acacia_cambagei,1,,,petiole,,Boughton 1981,1
Acacia_camptocladia,1,shrub,Australia,base of phyllode,,Keeler unpub from herbariumspecimen,1
Acacia_cana,1,shrub,Australia,base of phyllode,,Keeler unpub from herbariumspecimen,1
Acacia_canescens,1,tree,Colombia,petiole,,Bhattacharyya and Maheshwari 1971; Keeler unpub from herbariumspecimen,1
Acacia_caurina,1,sprawling shrub,Haiti,petiole,,Miller 2008,1
Acacia_chalkeri,1,shrub,Australia,base of phyllode,,Keeler unpub from herbariumspecimen,1
Acacia_chariessa,1,shrub,Africa,along rachis,,Keeler unpub from herbariumspecimen,1
Acacia_cheelii,1,,Australia,base of phyllode,,Keeler unpub from herbariumspecimen,1
Acacia_chiapensis,1,,Central America,petiole,,Janzen 1974; Miller 2008,1
Acacia_choriophylla,1,,Bahamas,rachis between leaflets,,Miller 2008; Koptur et al. 2010,1
Acacia_chundra,1,tree,Ceylon,petiole,,Keeler unpub from herbariumspecimen,1
Acacia_cincinnata,1,tree,Australia,base of phyllode,,Keeler unpub from herbariumspecimen,1
Acacia_cochliacantha,1,tree,Mexico,,,Keeler unpub.,1
Acacia_cochlocarpa,1,,Australia,base of phyllode,,Keeler unpub from herbariumspecimen,1
Acacia_collinsii,1,,Central America,petiole,photo in Miller 2008,Janzen 1974; Miller 2008,1
Acacia_complanata,1,shrub,Australia,base of phyllode,,Boughton 1981; Keeler unpub from herbarium,1
Acacia_concinna,1,vine,"Philippines, Hong Kong",petiole,,Keeler unpub from herbariumspecimen; So 2004,1
Acacia_concurrens,1,tree,Australia,petiole,,,1
Acacia_conferta,1,,,petiole,,Boughton 1981,1
Acacia_confusa,1,tree,"Philippines, Hong Kong",base of phyllode,,"Keeler pers obs, living material; So 2004",1
Acacia_constablei,1,shrub,Australia,many along rachis,,Keeler unpub from herbariumspecimen,1
Acacia_constricta,1,shrub,AZ,"petiole, rachis",,Keeler and Deuth unpub.; Miller 2008,1
Acacia_cookii,1,tree,Central America,petiole rachis,,Janzen 1974; Miller 2008,1
Acacia_coriacea,1,tree,Australia,base of phyllode,,Keeler unpub from herbariumspecimen,1
Acacia_cornigera,1,tree,Central Amerca,"petiole, rachis",photo in Miller 2008; González-Teuber et al 2012,"Schnell, Cusset and Quenum 1963;Janzen 1974; Liu and Bonfil 2001; Miller 2008",1
Acacia_crassa,1,small tree,Australia,base of phyllode,,Boughton 1981,1
Acacia_cucuyo,1,tree,Dominican Republic,"petiole, rachis",photo in Miller 2008,Miller 2008,1
Acacia_cultriformis,1,,,,,Zimmermann 1932,1
Acacia_curvifructa,1,shrub,Argentina,"petiole, rachis",,Miller 2008,1
Acacia_cyanophyla,1,liana or shrub,Australia,leaf (phyllode),,Keeler unpub.,1
Acacia_cyclops,1,,Australia,,,"Milton and Moll, 1982",1
Acacia_dawsonii,1,shrub,Australia,base of phyllode,,Keeler unpub from herbariumspecimen,1
Acacia_dealbata,1,,?Australia,petiole,,Zimmermann 1932,1
Acacia_deanei,1,tree,Australia,many along rachis,,Keeler unpub from herbariumspecimen,1
Acacia_decora,1,,,petiole,,Boughton 1981,1
Acacia_decurrens,1,tree,Ecuador,petiole,Buckley 1983,Bhattacharyya and Maheshwari 1971; Buckley 1983,1
Acacia_dictyophleba,1,shrub,Australia,base of phyllode,,Keeler unpub from herbariumspecimen,1
Acacia_difformis,1,shrub,Australia,base of phyllode,,Keeler unpub from herbariumspecimen,1
Acacia_dodonaeifolia,1,tree,Australia,base of phyllode,,Keeler unpub from herbariumspecimen,1
Acacia_doratoxylon,1,shrub,Australia,base of phyllode,,Keeler unpub from herbariumspecimen,1
Acacia_elongata,1,shrub,Australia,base of phyllode,,Keeler unpub from herbariumspecimen,1
Acacia_ephedroides,1,,,,,,1
Acacia_eremaea,1,tree,Australia,base of phyllode,,Keeler unpub from herbariumspecimen,1
Acacia_erubescens,1,,Southwest Africa,petiole,,Keeler unpub from herbariumspecimen,1
Acacia_excelsa,1,,,petiole,,Boughton 1981,1
Acacia_falcata,1,,,petiole,,Boughton 1981,1
Acacia_falciformis,1,,,petiole,,Boughton 1981,1
Acacia_farnesiana,1,tree,Central America,"petiole, rachis",,"Baker, Opler and Baker 1978; Miller 2008",1
Acacia_ferruginea,1,,,,,Bhattacharyya and Maheshwari 1971,1
Acacia_fimbriata,1,,,petiole,,Boughton 1981,1
Acacia_floribunda,1,,,petiole,,Boughton 1981,1
Acacia_gaumeri,1,,,petiole,photo in Miller 2008,Miller 2008,1
Acacia_gentlei,1,tree,Central America,"petiole, rachis",photo in Miller 2008,Janzen 1974; Miller 2008,1
Acacia_glandulifera,1,shrub,Mexico,"petiole, rachis",,Miller 2008,1
Acacia_globulifera,1,tree,Central America,petiole,,Janzen 1974,1
Acacia_glomerosa,1,tree,Venezuela,many along rachis,,Keeler unpub.; Goitia and Jaffe 2011,1
Acacia_grandistipula,1,,South America,"stalked, many along rachis",,Keeler unpub.,1
Acacia_greggii,1,,Arizona,leaf rachis,,Deuth and Keeler unpub.; Pemberton 1988,1
Acacia_hayesii,1,shrub,Mexico,petiole,,Keeler unpub.,1
Acacia_hindsii,1,tree,Central America,"petiole, rachis","González-Teuber et al, 2012",Janzen 1974; Raine et al. 2002; Miller 2008,1
Acacia_huarango,1,shrub,Peru,along rachis,,Keeler unpub from herbariumspecimen,1
Acacia_hubbardiana,1,,,petiole,,Boughton 1981,1
Acacia_huilana,1,shrub,Colombia,petiole,,Keeler unpub.,1
Acacia_insulae-lacobi,1,tree,Galapagos,base of leaf; rachis,,Keeler unpub from herbariumvspecimen; Miller 2008,1
Acacia_interior,1,,,petiole,,Miller 2008,1
Acacia_iteaphylla,1,,,,,Zimmermann 1932,1
Acacia_ixodes,1,,,petiole,,Boughton 1981,1
Acacia_janzenii,1,tree,Mexico,petiole; rachis,,Ebinger and Seigler 1987; Miller 2008,1
Acacia_kallunkiae,1,,Brazil,rachis,,Barneby and Grimes 1985,1
Acacia_karroo,1,shrub,Australia,petiole; rachis,,"Milton and Moll, 1982; Miller 2008",1
Acacia_koa,1,tree,Hawaii,petiole,,Rock 1920; Keeler 1985,1
Acacia_koaia,1,tree,Hawaii,petiole,,Rock 1920; Keeler 1985,1
Acacia_lacerans,1,tree,,petiole,,,1
Acacia_latifolia,1,,,petiole,,Boughton 1981,1
Acacia_leiocalyx,1,,,petiole,,Boughton 1981,1
Acacia_leptostachya,1,,Australia,base of phyllode,,Keeler unpub from herbariumspecimen,1
Acacia_leucophloea,1,,,leaf,,Bhattacharyya and Maheshwari 1971,1
Acacia_ligulata,1,tree,Australia,phyllode margins,Whitney 2004,Whitney 2004,1
Acacia_lineata,1,,,petiole,,Boughton 1981,1
Acacia_longifolia,1,,,base of phyllode,,Zimmermann 1932; Boughton 1981; Elias 1983,1
Acacia_longissima,1,,,,,Boughton 1981,1
Acacia_loretensis,1,tree,Brazil,petiole,,Keeler unpub.,1
Acacia_macradenia,1,,,petiole,,Boughton 1981,1
Acacia_maidenii,1,,,petiole,,Boughton 1981,1
Acacia_maranoensis,1,,,petiole,,Boughton 1981,1
Acacia_mayana,1,tree,Central America,petiole; rachis,,Janzen 1974; Miller 2008,1
Acacia_mearnsii,1,,Australia,petiole,,O'Dowd 1980 in litt.,1
Acacia_melanoceras,1,tree,Central America,petiole; rachis,,Janzen 1974; Miller 2008,1
Acacia_melanoxylon,1,,,petiole,,Boughton 1981,1
Acacia_melvillei,1,,,petiole,,Boughton 1981,1
Acacia_microbotrya,1,,,petiole,,Zimmermann 1932,1
Acacia_microsperma,1,,,petiole,,Boughton 1981,1
Acacia_miersii,1,tree,Brazil,petiole,,Keeler unpub.,1
Acacia_mucronata,1,,,petiole,,Keeler unpub from herbariumspecimen,1
Acacia_muricata,1,tree,West Indies,petiole,photo in Miller 2008,Keeler unpub.; Miller 2008,1
Acacia_myrtifolia,1,,,petiole,,Zimmermann 1932; Marginson et al. 1985,1
Acacia_neriifolia,1,shrub,,phyllode,,Boughton 1981,1
Acacia_nitidifolia,1,vine,Brazil,rachis,,Keeler unpub.,1
Acacia_occidentalis,1,shrub,Mexico to South America,petiole,,,1
Acacia_omalophylla,1,,,,,Zimmermann 1932,1
Acacia_oshanesii,1,tree,Australia,along rachis,,Keeler unpub from herbarium specimen,1
Acacia_oviedoensis,1,tree,Dominican Republic,petiole,,Miller 2008,1
Acacia_pacensis,1,shrub,Mexico,petiole; rachis,,Miller 2008,1
Acacia_paraensis,1,vine-like shrub,Peru,rachis,,Keeler unpub.,1
Acacia_parramattensis,1,,,"series of nectaries along the rachis, 1 per leaflet",,Keeler unpub from herbariumspecimen,1
Acacia_parviflora,1,shrub,Mexico,petiole,,Keeler unpub.from herbarium specimen,1
Acacia_peninsularis,1,tree,Mexico,petiole,,Boughton 1981,1
Acacia_pennata,1,liana,Hong Kong,along petiole; rachis,,So 2004; Liu and Chen 2008,1
Acacia_pennatula,1,shrub,Mexico,petiole,Moya-Raygoza and Larsen 2001; Moya-Raygoza 2005,Keeler unpub from herbariumspecimen; Moya-Raygoza and Larsen 2001; Moy-Raygoza 2005; Miller 2008,1
Acacia_penninervis,1,,,,,,1
Acacia_piauhiensis,1,,Brazil dry forest,,,Melo et al. 2010,1
Acacia_picachensis,1,tree,Mexico,petiole,photo in Miller 2008,Keeler unpub.; Miller 2008,1
Acacia_plumosa,1,vine,Brazil,petiole,,Keeler unpub.,1
Acacia_podalyriifolia,1,,Australia,petiole,,Boughton 1981; Milton and Moll 1982,1
Acacia_polyacantha,1,tree,Tanganika,"petiole, sometimes double",,"Keeler, unpub from herbarium specimen",1
Acacia_polyphylla,1,tree,Brazil,petiole,,Keeler unpub.,1
Acacia_polypyrigenes,1,shrub,Cuba,petiole; rachis,,Miller 2008,1
Acacia_potosina,1,vine,Mexico,petiole,,Keeler unpub.,1
Acacia_pringlei,1,tree,Mexico,"stalked, petiole",,Keeler unpub from herbarium specimen; Miller 2008,1
Acacia_pubescens,1,,,internode of rachis,,Bhattacharyya and Maheshwari 1971,1
Acacia_pulchella,1,shrub,Australia,petiole,,Keeler unpub.,1
Acacia_pycnantha,1,tree,Australia,petiole,,Zimmermann 1932; Ford and Forde 1976; Milton and Moll 1982; O'Dowd 1983; Marginson et al. 1985,1
Acacia_retinodes,1,,,,,Rock 1920,1
Acacia_rigidula,1,shrub,Mexico,petiole,,"Seigler et al, 1982; Miller 2008",1
Acacia_robusta,1,,Kenya,petiole,,Keeler unpub from herbarium specimen,1
Acacia_roigii,1,tree,Cuba,petiole; rachis,syn. Vachellia roigii,,1
Acacia_rorudiana,1,prostrate shrub,Galapagos,petiole; rachis,syn. Vachellia rorudiana,,1
Acacia_rubida,1,,,petiole,,Zimmermann 1932,1
Acacia_ruddiae,1,shrub,Central America,petiole; rachis,,Janzen 1974; Miller 2008,1
Acacia_saligna,1,,Australia,,Lach et al. 2009,"Milton and Moll, 1982; Lach et al. 2009",1
Acacia_schaffneri,1,shrub,"Texas, Mexico",petiole,,Miller 2008,1
Acacia_schottii,1,shrub,"Texas, Mexico",petiole; rachis,,Miller 2008,1
Acacia_semirigida,1,,,petiole,,Boughton 1981,1
Acacia_serra,1,tree,Peru,petiole,,Keeler unpub.,1
Acacia_shirleyi,1,,,petiole,,Boughton 1981,1
Acacia_soratensis,1,tree,Bolivia,petiole,,Keeler unpub.,1
Acacia_spadicifera,1,shrub,Mexico,petiole,,,1
Acacia_sphaerocephala,1,tree,South and Central Amer,petiole; rachis,photo in Miller 2008,Janzen 1974; Pascal et al. 2000; Miller 2008,1
Acacia_stenophylla,1,,,petiole,,Boughton 1981,1
Acacia_stowardii,1,,,petiole,,Boughton 1981,1
Acacia_suaveolens,1,,,petiole,,Boughton 1981,1
Acacia_subangulata,1,shrub,Mexico,petiole,,Keeler unpub.,1
Acacia_subulata,1,,,petiole,,Boughton 1981,1
Acacia_tamarindifolia,1,shrub,West Indies,stalked on petiole,,Keeler unpub.,1
Acacia_telensis,1,woody vine,Central America,many on midrib,,Keeler unpub.,1
Acacia_tenuifolia,1,vine; tree,"Panama, West Indies",petiole,,Keeler unpub from herbarium specimen,1
Acacia_terminalis,1,,Australia,petiole,,Zimmermann 1932; Knox et al. 1985; Marginson et al. 1985,1
Acacia_tetragonophylla,1,,,petiole,,Boughton 1981,1
Acacia_tomentella,1,vine,Ecuador,petiole,,Keeler unpub.,1
Acacia_tortuosa,1,shrub,Texas to South America,petiole,,Keeler unpub.,1
Acacia_triptera,1,,,,,Bailey 1900 cited in ?,1
Acacia_ulcifolia,1,,,petiole,,Boughton 1981,1
Acacia_uncinella,1,,,petiole,,Zimmermann 1932,1
Acacia_villosa,1,tree,Mexico,,,Keeler unpub from herbarium specimen,1
Acacia_wildenowiana,1,tree,South Africa,along rachis,,Keeler unpub from herbarium specimen,1
Acacia_zapatensis,1,shrub,Cuba,petiole; rachis,,Miller 2008,1
Adenanthera_colubin,1,,,petiole,,Simon et al. 2011,1
Adenanthera_pavonina,1,tree,"Yunnan, China",rachis and vein upper side,,Liu and Chen 2008,1
Adenanthera_spahaerocephala,1,,,rachis,,Pascal et al. 2000,1
Affonsea_hirsuta,1,"""arbusto""",Brazil,between leaflets,,Keeler unpub. from herbarium specimen,1
Albizia_adinocephala,1,tree,Mexico,petiole,,Keeler unpub.from herbarium specimen,1
Albizia_amara,1,,,leaves,,Bhattacharyya and Maheshwari 1971,1
Albizia_caribeae,1,tree,Mexico,petiole,,Keeler unpub. from herbarium specimen,1
Albizia_chinensis,1,,Hong Kong,petiole,,Rock 1920; So 2004,1
Albizia_coreana,1,,Korea,petiole,,Pemberton 1990,1
Albizia_corniculata,1,,Hong Kong,petiole,,So 2004,1
Albizia_falcataria,1,,,petiole,,Rock 1920,1
Albizia_guachapele,1,tree,Central America,btw. pinnae & on rachis,,Croat 1978; Schupp and Feener 1991,1
Albizia_idiopoda,1,tree,Central America,petiole,,Keeler unpub.from herbarium specimen,1
Albizia_julibrissin,1,tree,SouthUS,petiole,,Cronquist 1981; Pemberton 1990; So 2004,1
Albizia_lebbeck,1,tree,West Indies,base of leaf,,Schnell Cusset and Quenum 1963; Pascal et al. 2000,1
Albizia_lebbekoides,1,,,petiole,,Rock 1920,1
Albizia_lophantha,1,,,,,Zimmermann 1932,1
Albizia_moluccana,1,,,petiole,,Keeler unpub.from herbarium specimen,1
Albizia_pedicellata,1,tree,Malaysia,rachis,,"Bhattacharyya and Maheshwari 1971,Fiala and Linsenmair 1995",1
Albizia_procera,1,,,petiole,,Rock 1920,1
Albizia_retusa,1,,,petiole,,Rock 1920,1
Albizia_saponaria,1,,,,,Keeler unpub.from herbarium specimen,1
Albizia_stipulata,1,,,,,Keeler unpub.from herbarium specimen,1
Alexa_canaracuensis,1,,Venezuela,base of leaflets,,Keeler unpub. from herbarium specimen,1
Alexa_grandiflora,1,,Amazon,base of leaflets,,Keeler unpub. from herbarium specimen,1
Alexa_wachenheimii,1,,Surinam,base of leaflets,,Keeler unpub. From herbarium specimen,1
Anadenanthera_colubrina,1,,Brazil dry forest,,,"Melo et al., 2010",1
Anadenanthera_falcata,1,herb,Brazil,rachis,,Oliviera and Leitão-Filho 1987; Oliviera and Pie 1998; Machado et al. 2008,1
Apios_americana,1,herb,US,fascicle,Harvey 2009,Harvey 2009,1
Archidendron_bubalinum,1,understory tree,Malaysia,rachis,,Fiala and Linsenmair 1995,1
Archidendron_calycinum,1,,,,,Zimmermann 1932,1
Archidendron_dypearia,1,,Hong Kong,,,So 2004,1
Archidendron_globosum,1,understory tree,Malaysia,rachis,,Fiala and Linsenmair 1995,1
Archidendron_kerrii,1,tree,"Yunnan, China",rachis,,Liu and Chen 2008,1
Archidendron_lucidum,1,,Hong Kong,,,So 2004,1
Archidendron_macrocarpum,1,understory tree,Malaysia,rachis,,Fiala and Linsenmair 1995,1
Archidendron_ramiflorum,1,tree,Australia,"stem, rachis",,Bluthgen&Reifenrath 2003,1
Archidendron_utile,1,,Hong Kong,,,So 2004,1
Arthrosamanea_altissima,1,,,,,"Schnell, Cusset and Quenum 1963",1
Balizia_peticilaris,1,tree,Amazon rainforest,petiole,,Blüthgen et al. 2000,1
Baptisia_leucophylla,1,,,postfloral,,"Keeler, unpub.",1
Bauhinia_blakeana,1,,,buds,,Keeler unpub.,1
Bauhinia_cheilantha,1,,Brazil dry forest,,,Melo et al. 2010,1
Bauhinia_pauletia,1,,,,,Baker Opler and Baker 1978,1
Bauhinia_rufa,1,,Brazil,intrastipular trichomes,,Oliviera and Leitão-Filho 1987; Oliviera and Pie 1998; Oliviera and Freitas 2004; Machado et al. 2008,1
Bauhinia_ungulata,1,,,,,PA Opler unpub,1
Brownea_grandiceps,1,,,bud scales,,McKey 1989,1
Brownea_macrophylla,1,tree,Panama and n SAm,"""single globose gland ca 1 mm diam on the underside of the leaflet base""",,Croat 1978,1
Caesalpinia_bondoc,1,,,,,Keeler 1985,1
Caesalpinia_crista,1,shrub,Mexico,stipules; stems of inflorescence; bracts,,Díaz-Castelazo et al. 2004,1
Caesalpinia_cucullatum,1,liana,"Yunnan, China",apex,,Liu and Chen 2008,1
Caesalpinia_gilliesii,1,,,leaflet margins,,McKey 1989,1
Caesalpinia_japonica,1,,,rachis,,Pemberton 1990,1
Calliandra_haematomma,1,,Bahamas,foliar,,Koptur et al. 2010,1
Calopogonium_caeruleum,1,herb,Mexico,stipules; shoots,,Díaz-Castelazo et al. 2004,1
Canavalia_gladiata,1,,,leaf base,,Nieuwenhuis 1907; Zimmermann 1932; So 2004,1
Canavalia_lineata,1,,,leaf base,,Pemberton 1998; So 2004,1
Canavalia_maritima,1,,,leaf base,,So 2004,1
Canavalia_rosea,1,vine,Mexico,"stems, leaf axils, stems of inflorescence, aborted flowers",,Díaz-Castelazo et al. 2004,1
Cassia_absus,1,,,between leaflets,,Metcalfe and Chalk 1979,1
Cassia_acutifolia,1,,,,,Zimmermann 1932,1
Cassia_alata,1,,,,,,1
Cassia_apoucouita,1,,,,,Zimmermann 1932,1
Cassia_artemisioides,1,,,petiole,,Bhattacharyya and Maheshwari 1981,1
Cassia_atroglandulosa,1,,,leaf,,Bhattacharyya and Maheshwari 1981,1
Cassia_auriculata,1,,,between leaflets,,Metcalfe and Chalk 1979,1
Cassia_bacillaris,1,,,,,,1
Cassia_bicapsularis,1,,,,,,1
Cassia_biflora,1,,,,,,1
Cassia_calyciodes,1,,,,,Zimmermann 1932,1
Cassia_canca,1,,,,,Zimmermann 1932,1
Cassia_chaemaecrista,1,,,,,Zimmermann 1932,1
Cassia_colubrina,1,,,,,Zimmermann 1932,1
Cassia_coluteoides,1,,,,,Bhattacharyya and Maheshwari 1981,1
Cassia_covesii,1,,,,,,1
Cassia_dimidists,1,,,petiole,,Bhattacharyya and Maheshwari 1981,1
Cassia_divaricata,1,,,leaf,,Bhattacharyya and Maheshwari 1981,1
Cassia_fasciculata,1,,,,,,1
Cassia_floribunda,1,,,petiole,,Rock 1920,1
Cassia_fruticosa,1,,,,,,1
Cassia_gaudichaudi,1,,,petiole,,Rock 1920,1
Cassia_glandulosa,1,,,petiole,,"Keeler unpub, using herbarium specimen",1
Cassia_glauca,1,,,,,,1
Cassia_hebecarpa,1,,,,,,1
Cassia_hochstetterii,1,,tropical,petiole,,Bhattacharyya and Maheshwari 1981,1
Cassia_hookeriana,1,tree,,leaf,,Zimmermann 1932,1
Cassia_kleinei,1,,,petiole,,Zimmermann 1932,1
Cassia_laevigata,1,,,,,,1
Cassia_leptocarpa,1,,,,,"Kearney and Peebles, 1951",1
Cassia_leschenaultiana,1,,,petiole,,Keeler 1985,1
Cassia_marilandica,1,,,,,,1
Cassia_mimosoides,1,,,petiole,,Bhattacharyya and Maheshwari 1981; Pemberton 1990,1
Cassia_mindanaensis,1,,,"petiole, rachis",,Bhattacharyya and Maheshwari 1981,1
Cassia_multijuga,1,,,,,Zimmermann 1932,1
Cassia_negrensis,1,,,,,Zimmermann 1932,1
Cassia_nictitans,1,,Bahamas,leaf,,Zimmermann 1932; Koptur et al. 2010,1
Cassia_obtusifolia,1,,,,,,1
Cassia_occidentalis,1,,,,,,1
Cassia_oxyphylla,1,,,,,Zimmermann 1932,1
Cassia_patellaria,1,,,petiole,,Bhattacharyya and Maheshwari 1981,1
Cassia_phyllodinea,1,,,leaf,,Bhattacharyya and Maheshwari 1981,1
Cassia_pumila,1,,,petiole,,Bhattacharyya and Maheshwari 1981,1
Cassia_reticulata,1,sm. tree,Costa Rica,stipules,,Mexzón and Chinchilla 1999,1
Cassia_rugosa,1,,Brazil,rachis,,Machado et al. 2008,1
Cassia_sophora,1,,,,,,1
Cassia_speciosa,1,,Brazil,leaf rachis,,Bhattacharyya and Maheshwari 1981; Oliviera and Leitão-Filho 1987; Oliviera and Pie 1998; Machado et al. 2008,1
Cassia_stenocarpa,1,,,,,Zimmermann 1932,1
Cassia_sturtii,1,,,between leaflets,,Metcalfe and Chalk 1979,1
Cassia_surattensis,1,,,,,Keeler and Turner unpub.,1
Cassia_tomentosa,1,,,,,,1
Cassia_tora,1,,,rachis,,Zimmermann 1932; Pemberton 1990; Mexzón and Chinchilla 1999,1
Cassia_uniflora,1,,,,,Zimmermann 1932,1
Castanospermum_australe,1,tree,Australia,"stem, rachis",,Blüthgen&Reifenrath 2003,1
Centrolobium_paraense,1,tree,Guiana,lower leaf surface; giant glands,,Roth 1984,1
Chamaecrista_amorimii,1,,,leaf & inflorescence,,de Sousa et al. 2009,1
Chamaecrista_blanchetii,1,,Brazil,petiole/rachis,,de Sousa et al. 2009; Coutinho et al. 2012,1
Chamaecrista_brachystachya,1,,Brazil,petiole/ leaf rachis,,de Sousa et al. 2009; Coutinho et al. 2012,1
Chamaecrista_calycioides,1,,,leaf,,de Sousa et al. 2009,1
Chamaecrista_chamaecristoides,1,shrub,Mexico,leaf rachiis,,Rico-Gray 1993; Diaz-Castelazo et al. 2004,1
Chamaecrista_choriophylla,1,,,leaf,,de Sousa et al. 2009,1
Chamaecrista_confertiformis,1,,Brazil,petiole/leaf rachis,,de Sousa et al. 2009; Coutinho et al. 2012,1
Chamaecrista_coriacea,1,,Brazil,petiole/rachis,,de Sousa et al. 2009; Coutinho et al. 2012,1
Chamaecrista_cystoides,1,,Brazil,petiole/rachis,,de Sousa et al. 2009; Coutinho et al. 2012,1
Chamaecrista_debilis,1,,Brazil,,do Nasciemento and del Claro 2010,do Nasciemento and del Claro 2010,1
Chamaecrista_decora,1,,Brazil,petiole/rachis,,de Sousa et al. 2009; Coutinho et al. 2012,1
Chamaecrista_depauperata,1,,Brazil,petiole/rachis,,de Sousa et al. 2009; Coutinho et al. 2012,1
Chamaecrista_desvauxii,1,,,leaf,,de Sousa et al. 2009,1
Chamaecrista_diphylla,1,,,leaf,,de Sousa et al. 2009,1
Chamaecrista_fasciculata,1,annual,East  U.S. to Central America,petiole,"Boecklen 1984; Kelly 1986; Barton 1986; Rutter and Raucher 2004; Jezorek, Stilling and Carpenter 2011","Zimmermann 1932; Boecklen 1984; Kelly 1986; Barton 1986; Durkee et al. 1999; Mizell 2004; Rutter and Raucher 2004; Jezorek, Stilling and Carpenter 2011",1
Chamaecrista_flexuosa,1,,,leaf,,de Sousa et al. 2009,1
Chamaecrista_mucronata,1,,,leaf,,de Sousa et al. 2009,1
Chamaecrista_nictitans,1, ,East  U.S.,leaf,Ruhren and Handel 1999; Ruhren 2003,Ruhren and Handel 1999; Ruhren 2003; de Souza et al. 2009,1
Chamaecrista_olesiphylla,1,,,leaf,,de Sousa et al. 2009,1
Chamaecrista_onusta,1,,,leaf & inflorescence,,de Sousa et al. 2009,1
Chamaecrista_pascuorum,1,,,leaf,,de Sousa et al. 2009,1
Chamaecrista_pilosa,1,,,leaf,,de Sousa et al. 2009,1
Chamaecrista_potentilla,1,,,leaf,,de Sousa et al. 2009,1
Chamaecrista_serpens,1,,,petiole,,de Sousa et al. 2009,1
Chamaecrista_supplex,1,,,leaf ,,de Sousa et al. 2009,1
Chamaecrista_unijuga,1,,Brazil,petiole/rachis,,de Sousa et al. 2009; Coutinho et al. 2012,1
Chamaefistula_amabilis,1,shrub,Brazil,petiole,,Irwin and Barneby 1985,1
Chamaefistula_antillana,1,,,petiole,,Keeler unpub. from herbarium specimen,1
Chamaefistula_elegans,1,,Peru,glands between ea. pair of leaflets,,Irwin and Barneby 1985,1
Chloroleucon_dumosum,1,,Brazil dry forest,,,Melo et al. 2010,1
Chloroleucon_foliolosum,1,,Brazil dry forest,,,Melo et al. 2010,1
Crotalaria_anagyroides,1,,,base of petiole,,Keeler unpub. from herbarium specimen,1
Crotalaria_incana,1,herb,Central America,"stipules, flower buds, aborted flowers",,"Bhattacharyya and Maheshwari 1970; Baker, Opler and Baker 1978; Keeler 1985;Díaz-Castelazo et al. 2004; Goitia and Jaffe 2009; Melo et al. 2010;",1
Crotalaria_maypurensis,1,,,,,Opler 1981,1
Crotalaria_murcronata,1,,,base of petiole,,Keeler 1985,1
Crotalaria_pallida,1,herb,"Brazil, eastern US",flower stalk,Guimaraes et al. 2006,Mizell 2004;Guimaraes et al. 2006,1
Crotalaria_pumila,1,,,,,Opler 1981,1
Delonix_adansonioides,1,,,glandular hairs on rachis,,Pascal et al. 2000,1
Delonix_regia,1,,,below first pair of leaflets,,Zimmermann 1932; McKey 1989,1
Desmanthus_bicornatus,1,,,petiole,,Kearney and Peebles 1951,1
Desmanthus_illinoisensis,1,shrub,central North America,leaf,,Keeler 1979,1
Desmanthus_leptolobus,1,,,petiole,,Fernald 1970,1
Desmanthus_pernambucanus,1,,Brazil dry forest,,,Melo et al. 2010,1
Desmanthus_virgatus,1,,,petiole,,Rock 1920,1
Dichrostachys_glomerata,1,,,leaf,,Schnell Cusset and Quenum 1963,1
Dolichos_bicontortus,1,,,,,Zimmermann 1932,1
Dolichos_lablab,1,,,stipules,,Zimmermann 1932; Keeler 1985; Pemberton 1990,1
Dolichos_leucomelas,1,,,,,Zimmermann 1932,1
Dolichos_melanophtalmus,1,,,,,Zimmermann 1932,1
Dolichos_sesquipedalis,1,,,,,Zimmermann 1932,1
Dolichos_sinensis,1,,,,,Zimmermann 1932,1
Dunbaria_fusca,1,,Hong Kong,leaf base,,So 2004,1
Dunbaria_podocarpa,1,,Hong Kong,leaf base,,So 2004,1
Dunbaria_rotundifolia,1,,Hong Kong,leaf base,,So 2004,1
Entada_phaseoloides,1,vine,Australia,rachis,,Blüthgen&Reifenrath2003; Blüthgen and Fieldler 2004,1
Enterolobium_contortisiliquum,1,,Brazil dry forest,,,Melo et al. 2010,1
Enterolobium_cyclocarpum,1,,,petiole,,Rock 1920; Zimmermann 1932; Rico-Gray 1993,1
Enterolobium_gummiferum,1,,Brazil,rachis,,Oliviera and Leitão-Filho 1987; Oliviera and Pie 1998; Machado et al. 2008,1
Enterolobium_schomburgkii,1,tree,tropical Panama,"petiole, along rachis",,Croat 1978,1
Erythrina_abyssinica,1,,,petiole,,Keeler unpub. From herbarium specimen,1
Erythrina_berteroana,1,,South and Central America,petiole,,"Keeler unpub. From herbarium specimen; 
Lersten and Brubaker 1987",1
Erythrina_caffra,1,,,leaf base & betw terminal leaflets,,So 2004,1
Erythrina_crista-galli,1,,,,,Zimmermann 1932,1
Erythrina_flabelliformis,1,,,,,Sherbrooke and Scheerens1979,1
Erythrina_fusca,1,,,,Savage et al. 2009,Feinsinger and Swarm 1978; Savage et al. 2009,1
Erythrina_greenwayi,1,,Africa,,,Lersten and Brubaker 1987,1
Erythrina_hastifolia,1,,,calyx and petioles,,Sherbrooke and Scheerens1979,1
Erythrina_herbacea,1,,North America,petioles,,"Keeler unpub. From herbarium specimen; 
Lersten and Brubaker 1987",1
Erythrina_lysistemon,1,,,,,Keeler unpub. From herbarium specimen,1
Erythrina_macropteryx,1,,,,,Zimmermann 1932,1
Erythrina_pallida,1,,,,,Feinsinger et al 1979,1
Erythrina_poeppigiana,1,,,,,Feinsinger and Swarm 1978,1
Erythrina_rubrinervia,1,,,petiole,,Keeler unpub. From herbarium specimen,1
Erythrina_speciosa,1,,,leaf base & betw terminal leaflets,Sousa Paiva 2009,So 2004; Sousa Paiva 2009,1
Erythrina_subumbrans,1,,,,,Zimmermann 1932,1
Erythrina_tahitensis,1,tree,Hawaii,petiole,,Keeler 1985,1
Erythrina_tomentosa,1,,,"calyx, petioles",,Sherbrooke and Scheerens1979,1
Erythrina_variegata,1,,,leaf base & betw terminal leaflets,,Rock 1920; Lersten and Brubaker 1987; So 2004,1
Erythrina_velutina,1,,Brazil dry forest,,,Melo et al. 2010,1
Erythrina_vespertillo,1,,,petioles,,Keeler unpub. From herbarium specimen,1
Erythrophleum_africanum,1,,,leaf rachis,,Pascal et al. 2000,1
Erythrophleum_densiflorum,1,,Philippines,leaf rachis,,Pascal et al. 2000,1
Erythrophleum_fordii,1,,Southeast Asia,leaf rachis,,Pascal et al. 2000,1
Erythrophleum_guineense,1,,Gabon,leaf rachis,,Pascal et al. 2000,1
Erythrophleum_ivorense,1,,Cameroon,leaf rachis,,Pascal et al.2000,1
Erythrophleum_suaveolens,1,,Cameroon,leaf rachis,,Pascal et al. 2000,1
Erythrophleum_teysmannii,1,,Thailand/Indochina,"looks like nectary, no secretory structure",,Pascal et al. 2000,1
Faidherbia_albida,1,tree,Uganda,petiole,,Keeler unpub. from herbarium specimen,1
Gilbertiodendron_couminga,1,,Madagascar,leaf rachis,,Pascal et al. 2000,1
Gilbertiodendron_limba,1,,,leaf margin,,"Schnell, Cusset and Quenum 1963",1
Gilbertiodendron_oogouense,1,,,leaf margin,,"Schnell, Cusset and Quenum 1963",1
Glycine_sinensis,1,,,,,Zimmermann 1932,1
Glycyrrhiza_lepidota,1,,,,,Gleason 1963; Keeler 1979,1
Hardenbergia_comptoniana,1,,Australia,"compound leaf, adaxial, stipules, stipels",,Lamont 1979,1
Hippocrepis_bicontorta,1,,southern Mediterranean,stipules,,Domínguez 1976,1
Hippocrepis_biflora,1,,southern Europe,stipules(often not glandular),,Domínguez 1976,1
Hippocrepis_brevipetala,1,,Morroco and Tunisia,stipules,,Domínguez 1976,1
Hippocrepis_ciliata,1,,souther Europe,stipules,,Domínguez 1976,1
Hippocrepis_constricta,1,,Middle East,stipules,,Domínguez 1976,1
Hippocrepis_cyclocarpa,1,,"Tunisa, Lybia, Egypt",stipules,,Domínguez 1976,1
Hippocrepis_maura,1,,Morocco,stipules,,Domínguez 1976,1
Hippocrepis_multisiliquosa,1,,souther Europe,stipules,,Domínguez 1976,1
Hippocrepis_salzmanni,1,,Spain and Morocco,stipules,,Domínguez 1976,1
Hippocrepis_unisiliquosa,1,,Middle East,stipule,,Domínguez 1976,1
Humboldtia_brunonis,1,tree,India,"floral buds, young leaves, stipules, stalk of inflorescence","Shenoy, Radhika and Borges 2012","Shenoy, Radhika and Borges 2012",1
Humboldtia_laurifolia,1,,,leaflets and stipules,,McKey 1989,1
Hymenaea_courbaril,1,,,,,Melo et al. 2010,1
Hymenaea_stigonocarpa,1,,Brazil,leaf blade,,Machado et al. 2008,1
Indigofera_bainesii,1,,S Africa,calyx lobe tips,,Schrire et al. 2009,1
Indigofera_basiflora,1,,Northeast Africa,calyx lobe tips,,Schrire et al. 2009,1
Indigofera_biglandulosa,1,,,"hydathode efns on leaf tips, stipules & calyx",,Schrire et al. 2009,1
Indigofera_brevipatentes,1,,"Africa, Madagascar",calyx lobe tips,,Schrire et al. 2009,1
Indigofera_compressa,1,,,calyx lobe tips,,Schrire et al. 2009,1
Indigofera_eremophila,1,,Northeast Africa,calyx lobe tips,,Schrire et al. 2009,1
Indigofera_erythrogramma,1,,"Africa, Madagascar","hydathode efns on leaf tips, stipules & calyx",,Schrire et al. 2009,1
Indigofera_gairdnerse,1,,,"hydathode efns on leaf tips, stipules & calyx",,Schrire et al. 2009,1
Indigofera_glabra,1,,,"hydathode efns on leaf tips, stipules & calyx",,Schrire et al. 2009,1
Indigofera_hermannioides,1,,,"hydathode efns on leaf tips, stipules & calyx",,Schrire et al. 2009,1
Indigofera_inhambanensis,1,,,"hydathode efns on leaf tips, stipules & calyx",,Schrire et al. 2009,1
Indigofera_kirkii,1,,"Africa, Madagascar","hydathode efns on leaf tips, stipules & calyx",,Schrire et al. 2009,1
Indigofera_monantha,1,,"Africa, Madagascar",calyx lobe tips,,Schrire et al. 2009,1
Indigofera_mysorensis,1,,Asia,calyx lobe tips,,Schrire et al. 2009,1
Indigofera_nebrowniana,1,,S Africa,calyx lobe tips,,Schrire et al. 2009,1
Indigofera_phymatodea,1,,Northeast Africa,calyx lobe tips,,Schrire et al. 2009,1
Indigofera_strobilifera,1,,,"hydathode efns on leaf tips, stipules & calyx",,Schrire et al. 2009,1
Indigofera_suaveolens,1,,NorthAfrica,calyx lobe tips,,Schrire et al. 2009,1
Indigofera_tanganyikensis,1,,"Africa, Madagascar",calyx lobe tips,,Schrire et al. 2009,1
Indigofera_uniflora,1,,Asia,calyx lobe tips,,Schrire et al. 2009,1
Indigofera_vohemanarensis,1,,"Africa, Madagascar",calyx lobe tips,,Schrire et al. 2009,1
Indigofera_wightii,1,,Asia,calyx lobe tips,,Schrire et al. 2009,1
Indigofera_wituensis,1,,,calyx lobe tips,,Schrire et al. 2009,1
Inga_acuminata,1,,Panama,leaf,"Bixenmann, Coley and Kursar 2011","Bixenmann, Coley and Kursar 2011",1
Inga_adenophylla,1,, ,midvein,,Elias 1983,1
Inga_brenesii,1,,Costa Rica,,,Koptur 1994,1
Inga_capitata,1,,Guiana,headed glands above veins,,Roth 1984,1
Inga_cocleensis,1,tree,Guatemala to Panama,rachis,,Croat 1978,1
Inga_densiflora,1,,Costa Rica,,,Koptur 1994,1
Inga_edulis,1,, ,"rachis, petiole",Almeida et al. 2011,Keeler unpublished from herbarium specimen; Belin-Depoeux et al. 1993; Pascal et al. 2000; Almeida et al. 2011,1
Inga_fagifolia,1,tree,"Mexico to Bolivia, Paraguay, Brazil","rachis, petiole",,Croat 1978,1
Inga_fanchoniana,1,,,,,Poncy 1983,1
Inga_feuillei,1,, ,rachis,,Pascal et al. 2000,1
Inga_goldmanii,1,tree,Costa Rica and Panama,leaf midrib,Coley et al. 2005,Croat 1978; Coley et al. 2005,1
Inga_hayesii,1,tree,Panama,rachis,,Croat 1978,1
Inga_heterophylla,1,, Brazil,rachis,,Oliviera and Pie 1998,1
Inga_huberi,1,,  ,rachis,,Belin-Depoux 1993,1
Inga_laurina,1,,Venezuela,petiole,,Keeler unpub. from herbarium specimen; Goitia and Jaffe 2009,1
Inga_longispina,1,,Costa Rica, ,,Koptur 1994,1
Inga_marginata,1,tree,Costa Rica to Bolivia and Brazil,rachis,"Bixenmann, Coley and Kursar 2011","Croat 1978; Schupp and Feener 1991; Ramírez et al. 2001; Flores et al. 2002; Bixenmann, Coley and Kursar 2011",1
Inga_minutula,1,tree,Mexico to South America,interfoliar,,Croat 1978,1
Inga_mortoniana,1,,Costa Rica,,,Koptur 1994,1
Inga_mucuna,1,tree,Panama,on rachis between leaflets,,Croat 1978,1
Inga_multijuga,1,tree,Honduras to Panama,on rachis between leaflets,"Bixenmann, Coley and Kursar 2011","Croat 1978; Bixenmann, Coley and Kursar 2011",1
Inga_nobilis,1,,,,,Pennington 1997,1
Inga_oestediana,1,,Central and South America,,,Baker Opler and Baker 1978; Koptur 1994: Goitia and Jaffe 2009,1
Inga_ornata,1,,Colombia,,,Ramírez et al. 2001,1
Inga_panaensis,1,,Venezuela,,,Goitia and Jaffe 2009,1
Inga_paterno,1,,,rachis,,Pascal et al. 2000,1
Inga_pauciflora,1,tree,Panama,between leaflets,,Croat 1978,1
Inga_pezizifera,1,tree,Panama to Bolivia,rachis,"Bixenmann, Coley and Kursar 2011","Belin-Depoux et al. 1993; Wickers 1993; Bixenmann, Coley and Kursar 2011",1
Inga_punctata,1,tree,Mexico to Peru,on rachis between leaflets,,Croat 1978; Koptur 1994,1
Inga_quaternata,1,tree,Costa Rica,on rachis between leaflets,,Croat 1978; Koptur 1994,1
Inga_ruiziana,1,tree,Nicaragua to Brazil and Peru,,,Croat 1978,1
Inga_sapindoides,1,tree,Mexico to Panama,on rachis between leaflets,,Croat 1978; Schupp and Feener 1991,1
Inga_setulifera,1, ,French Guiana,rachis,,Wickers 1993;Belin-Depoux et al. 1993,1
Inga_spectabilis,1,tree,Mexico to Venezuela,on rachis between leaflets,,Croat 1978; Schupp and Feener 1991,1
Inga_spuria,1,,,on rachis between leaflets,,Elias 1983,1
Inga_stipularis,1,,French Guiana,rachis,,Wickers 1993,1
Inga_thibaultiana,1,tree,"French Guiana, Belize",rachis,,"PA Opler,pers. comm.;Belin-Depoux 1993; Wickers 1993",1
Inga_tribaudina,1,,Venezuela,,,Giotia and Jaffe 2009,1
Inga_umbellifera,1,tree,Panama to Brazil,rachis,"Coley et al. 2005; Bixenmann, Coley and Kursar 2011","Croat 1978; Coley et al. 2005; Bixenmann, Coley and Kursar 2011",1
Inga_unguis,1,, ,,,Zimmermann 1932,1
Inga_uruguaensis,1,,Brazil,rachis,,Oliviera and Pie 1998,1
Inga_vera,1,tree,Mexico to northern South America,,"Kersch and Fonseca 2005; Bixenmann, Coley and Kursar 2011","Baker Opler and Baker 1978; Rico-Gray 1993; Koptur 1994; Kersch and Fonseca 2005; Goitia and Jaffe 2009; Melo et al. 2010; Bixenmann, Coley and Kursar 2011",1
Inga_villosissima,1,,Venezuela,,,Goitia and Jaffe 2009,1
Lablab_vulgaris,1,,,stipules and stipels,,Lersten and Brubaker 1987,1
Leonardoxa_africana,1,tree,African rainforest, ,Gaume et al. 1998,Gaume et al. 1998,1
Leucaena_esculenta,1, ,Mexico,leaf,Moya-Raygoza and Larsen 2001,Moya-Ragoza and Larsen 2001,1
Leucaena_leucocephala,1, , ,leaf apex; petiole, ,"Bhattacharyya and Maheshwari 1971; Keeler 1985; Pascal et al. 2000; So, 2004; Lach et al. 2010",1
Leucaena_multicapitula,1,tree,Panama,petiole, ,Croat 1978,1
Leucaena_retusa,1, ,"Texas, USA", , ,"Deuth and Keeler unpub, live plant",1
Libidibia_ferrea,1, ,Brazil dry forest, ,Photo in Melo et al. 2010,"Melo et al., 2010",1
Lysiloma_latisiliqua,1, , ,"petiole, rachis", ,Keeler unpub. from herbarium specimen; Pascal et al. 2000,1
Lysiloma_sabicu,1, ,Bahamas,rachis, ,Koptur et al. 2010,1
Lysiloma_thornberi,1, , , , ,"Keeler and Deuth, unpub. live plant",1
Macroptilium_erythroloma,1, , , , ,Drewes 1998,1
Mariosousa_acatlensis,1,tree,Central America,petiole,,"Keeler, unpub.",1
Mariosousa_centralis,1,tree,"Central America, Mexico",petiole, ,Miller 2008,1
Mariosousa_compacta,1,shrub,Mexico,petiole, ,Miller 2008,1
Mariosousa_coulteri,1,shrub,Mexico,petiole, ,Keeler unpub from herbarium specimen; Miller 2008,1
Mariosousa_dolichostachya,1,tree,Guatemala,petiole, ,Keeler unpub.; Miller 2008,1
Mariosousa_durangensis,1,"shrub, sm. tree",Mexico,"petiole; sessile, flattened", ,Miller 2008,1
Mariosousa_mammifera,1,shrub,Mexico,petiole, ,Miller 2008,1
Mariosousa_millefolia,1,shrub,Mexico,petiole, ,Miller 2008,1
Mariosousa_ruselliana,1,shrub,Mexico,petiole, ,Miller 2008,1
Mariosousa_salazarii,1,tree,Mexico,petiole, ,Miller 2008,1
Mariosousa_sericea,1,shrub,Mexico,petiole, ,Miller 2008,1
Mariosousa_usumacintensis,1,tree,"Belize, Guatemala,Mexico",petiole, ,Miller 2008.,1
Mariosousa_willardiana,1,shrub,Mexico,petiole, ,Keeler unpub.; Miller 2008,1
Microlobius_foetidus,1, , ,petiole, ,Simon et al. 2011,1
Mimosa_colombiana,1, ,Amazon,petiole, ,Simon et al. 2011,1
Mimosa_guilandinae,1,vine,"French Guinea, Brazil",petiole, ,Barneby 1985; Pascal et al. 2000; Simon et al. 2011,1
Mimosa_irrigua,1, ,northeast Brazil,petiole, ,Simon et al. 2011,1
Mimosa_lepidophora,1, ,northeast Brazil,petiole, ,Simon et al. 2011,1
Mimosa_myriadena,1,shrub,French Guiana, ,Hossaert-Mckey et al. 2001,Hossaert-McKey et al. 2001; Simon et al. 2011,1
Mimosa_nothacacia,1, ,Andes,petiole, ,Simon et al. 2011,1
Mimosa_pithecolobioides,1, ,Central Brazil,petiole, ,Simon et al. 2011,1
Mimosa_revoluta,1, ,Andes,petiole, ,Simon et al. 2011,1
Mimosa_rufescens,1, ,Amazon,petiole, ,Simon et al. 2011,1
Mimosa_townsendii,1, ,Andes,petiole, ,Simon et al. 2011,1
Mimosa_watsonii,1, ,Mesoamerica and Caribbean,petiole, ,Simon et al. 2011,1
Mimosa_xanthocentra,1, ,Brazil,rachis, ,Oliviera and Pie 1998,1
Mimozyganthus_sp.,1, , ,rachis of leaf, ,Elias 1981,1
Momoschisma_sp.,1, , ,leaf, ,Lewis and Elias 1981,1
Monoptera_angustifolia,1,tree,Brazil,petiole, ,Barneby and Grimes 1984a,1
Monoptera_uaucu,1,tree,Amazon,petiole, ,Barneby and Grimes 1984a,1
Mucuna_gigantea,1,vine,Australia,petioles, ,Blüthgen&Reifenrath 2003,1
Mucuna_pruriens,1,herb,Asia,stipule, ,Lersten and Brubaker 1987; Liu and Chen 2008,1
Neptunia_plena,1, , , , ,Zimmermann 1932; Melo et al. 2010,1
Parapiptadenia_aff. zehntneri,1, ,Brazil dry forest, , ,Melo et al. 2010,1
Parapiptadenia_excelsa,1, , ,petiole, ,Smon et al. 2011,1
Parapiptadenia_zehntneri,1, ,Brazil dry forest, , ,Melo et al. 2010,1
Parkia_auriculata,1,shrub,Amazon,between paired leaflets, ,Keeler unpub. from herbarium specimen,1
Parkia_bicolor,1,tree,West Africa,single gland just above petiole, ,Hopkins 1983,1
Parkia_biglobosa,1,tree,West Africa,single gland on petiole, ,Hopkins 1983,1
Parkia_decussata,1,tree,Amazon,between paired leaflets, ,Keeler unpub. from herbarium specimen,1
Parkia_discolor,1,tree,Mexico,between paired leaflets, ,Keeler unpub. from herbarium specimen,1
Parkia_filicoidea,1, ,central tropical Africa,double or two-lobed gland betw 1st pr leaflets, ,Hopkins 1983,1
Parkia_javanica,1, , ,petiole, ,Keeler unpub. from herbarium specimen,1
Parkia_madagascariensis,1, ,Madagascar,single ovate gland below 1st pr pinnae, ,Hopkins 1983,1
Parkia_nitida,1, ,Surinam,base of leaflet, ,Keeler unpub. from herbarium specimen,1
Parkia_oppositifolia,1,tree,Amazon,between paired leaflets, ,Keeler unpub. from herbarium specimen,1
Parkia_paraensis,1,tree,Amazon,between paired leaflets, ,Keeler unpub. from herbarium specimen,1
Parkia_pectinata,1,tree,Amazon,between paired leaflets, ,Keeler unpub. from herbarium specimen,1
Parkia_pendula,1,tree,Colombia,between paired leaflets, ,Keeler unpub. from herbarium specimen,1
Parkia_singularis,1,tree,North Borneo,between paired leaflets, ,Keeler unpub. from herbarium specimen,1
Parkia_streptocarpa,1,tree,Laos,between paired leaflets, ,Keeler unpub. from herbarium specimen,1
Parkia_ulei,1, ,Surinam,rachis, ,Keeler unpub. from herbarium specimen,1
Pentaclethra_macroloba,1, , ,shoot axis, ,Baker Opler and Baker 1978; McKey 1989,1
Phaseolus_angularis,1, ,Korea,peduncle, ,Pemberton 1990,1
Phaseolus_atropurpureus,1, , , , ,"Baker, Opler and Baker 1978",1
Phaseolus_calcaratus,1, ,Korea,peduncle, ,Pemberton 1990,1
Phaseolus_caracalla,1, , ,"stipules and stipels,new leaves only", ,Zimmermann 1932; Lersten and Brubaker 1987,1
Phaseolus_lunatus,1, , ,tendrils,Kost and Heil 2006,Kost and Heil 2006,1
Phaseolus_multiflorus,1, ,Korea,peduncle, ,Pemberton 1990,1
Phaseolus_nipponensis,1, ,Korea,peduncle, ,Pemberton 1990,1
Phaseolus_radiatus,1, ,Korea,peduncle, ,Pemberton 1990,1
Phaseolus_vividissimus,1, , , , ,Zimmermann 1932,1
Phaseolus_vulgaris,1, , ,stipules, ,Hernandez et al. 2013,1
Piptadenia_adiantoides,1, , ,petiole, ,Simon et al. 2011,1
Piptadenia_buchtienii,1, , ,petiole, ,Simon et al. 2011,1
Piptadenia_flava,1, ,Venezuela, , ,Goitia and Jaffe 2009,1
Piptadenia_foederale,1,tree,Brazil,between pinnae, ,Barneby and Grimes 1984b,1
Piptadenia_gonoacantha,1, , ,petiole, ,Simon et al. 2011,1
Piptadenia_leucoxylon,1,tree,Venezuela,between pinnae, ,Barneby and Grimes 1984b,1
Piptadenia_stipulacea,1, ,Brazil dry forest, , ,Melo et al. 2010; Simon et al. 2011,1
Piptadenia_trisperma,1, , ,petiole, ,Simon et al. 2011,1
Piptadenia_viridiflora,1, ,Brazil dry forest,petiole, ,Melo et al. 2010; Simon et al. 2011,1
Pithecellobium_barbourianum,1,tree,neotropical,"petiole, rachis", ,Croat 1978,1
Pithecellobium_brevifolium,1, , , , ,Zimmermann 1932,1
Pithecellobium_clypearia,1,tree,Yunnan China,rachis, ,Liu and Chen 2008,1
Pithecellobium_dinizzi,1,tree,neotropical,"petiole, rachis", ,Croat 1978,1
Pithecellobium_diversifolium,1, , , , ,Melo et al. 2010,1
Pithecellobium_dulse,1, , , , ,Elias 1983; Keeler 1985,1
Pithecellobium_hymenaefolium,1,perennial vine,neotropical,"petiole, rachis", ,Croat 1978,1
Pithecellobium_hystrix,1, ,Bahamas,rachis, ,Koptur et al. 2010,1
Pithecellobium_lingustrinum,1, ,Venezuela, , ,Goitia and Jaffe 2009,1
Pithecellobium_longifolium,1, , , , ,Baker Opler and Baker 1978,1
Pithecellobium_macradenium,1,tree,Panama,petiole, ,Elias 1983,1
Pithecellobium_rufescens,1,tree,neotropical,"petiole, rachis", ,Croat 1978,1
Pithecellobium_saman,1, , , , ,Zimmermann 1932; Elias 1983,1
Pithecellobium_unguis-cati,1, , , , ,Pascal et al. 2000; Goitia and Jaffe 2009,1
Pityrocarpa_moniliformis,1, ,Brazil dry forest, , ,Melo et al. 2010; Simon et al. 2011,1
Pityrocarpa_obliqua,1, , ,petiole, ,Simon et al. 2011,1
Plathymenia_ptadenia,1, , , , ,Delpino in Zimmermann 1932,1
Plathymenia_reticulata,1, ,Brazil,stem, ,Oliviera and Leitão-Filho 1987; Oliviera and Pie 1998; Machado et al. 2008,1
Poinciana_regia,1,tree,tropical, , ,Zimmermann 1932,1
Poincianella_bracteosa,1, ,Brazil dry forest, , ,Melo 2010,1
Poincianella_gardeneriana,1, ,Brazil dry forest, , ,Melo 2010,1
Prosopis_juliflora,1,tree, ,"petiole, leaf rachis", ,"Deuth and Keeler unpub, live plant; Pemberton 1988; Melo et al. 2010",1
Prosopis_pallida,1,tree, ,petiole, ,"Deuth and Keeler unpub, live plant; Keeler 1985",1
Pseudopiptadenia_psilostachya,1, , ,petiole, ,Grimes 1993,1
Pseudopiptadenia_suaveolens,1, , ,petiole, ,Grimes 1993,1
Pueraria_montana,1,vine,Japan,lateral to flowers,Harvey 2009,Harvey 2009,1
Rhynchosia_capitata,1,,,,,Bhattacharyya and Maheshwari 1971,1
Rhynchosia_falconi,1,,,,,Bhattacharyya and Maheshwari 1971,1
Rhynchosia_minima,1,,,,,Bhattacharyya and Maheshwari 1971; Melo et al. 2010,1
Rhynchosia_nummularia,1,,,,,Bhattacharyya and Maheshwari 1971,1
Robinia_pseudo-acacia,1,tree,eastern US,stipules,,Pemberton 1990; Pemberton and Lee 1996; Mizell 2004,1
Samanea_dinklagei,1,,,,,Schnell Cusset and Quenum 1963,1
Senegalia_bonariensis,1,shrub,Argentina,petiole,,Bhattacharyya and Mahestwari 1971; Boughton 1981; Miller 2008,1
Senegalia_catechu,1,,Africa,petiole,,Rock 1920; Bhattacharyya and Maheshwari 1971,1
Senegalia_etilis,1,shrub,Bolivia,"stalked, on petiole",,Keeler unpub from herbariumspecimen,1
Senegalia_kelloggiana,1,,,several places on rachis,,Carter and Rudd 1981,1
Senegalia_klugii,1,large tree,Peru,petiole,,Keeler unpub.,1
Senegalia_macbridei,1,climbing shrub,Peru,many along rachis,,Keeler unpub.,1
Senegalia_modesta,1,,,petiole,,Bhattacharyya and Maheshwari 1971,1
Senegalia_monacantha,1,tree,Brazil,petiole,,Keeler unpub from herbariumspecimen,1
Senegalia_polyphylla,1,,Brazil dry forest,,,Melo et al. 2010,1
Senegalia_praecox,1,tree,Argentina,rachis,,Keeler unpub.,1
Senegalia_riparia,1,vine/tree,South and Central Amer,petiole,,Keeler unpub.; Melo et al. 2010,1
Senegalia_velutina,1,shrub,Venezuela,rachis and petiole,,Keeler unpub.,1
Senegalia_visco,1,tree,Argentina,petiole,,,1
Senna_acclinis,1,,,leaf,,Marazzi et al. 2006; Marazzi and Sanderson 2010,1
Senna_aciphylla,1,,,leaf,,Marazzi et al. 2006; Marazzi and Sanderson 2010,1
Senna_acuparata,1,,Peru,see paper,,Irwin and Barneby 1985,1
Senna_acuruensis,1,,Brazil,"see I&B:leaf, pedicel",,Irwin and Barneby 1985; Marazzi et al.2006; Marazzi and Sanderson 2010,1
Senna_affinis,1,,Brazil,see paper,,Irwin and Barneby 1985,1
Senna_angulata,1,,Brazil,see paper,,Irwin and Barneby 1985,1
Senna_angustisiliqua,1,"herb, perennial",West Indies,see paper,,Zimmermann 1932; Irwin and Barneby 1985,1
Senna_aphylla,1,,,"leaf, pedicel",,Marazzi and Sanderson 2010,1
Senna_apiculata,1,,Mexico,see I&B: leaf,,Irwin and Barneby 1985; Marazzi and Sanderson 2010,1
Senna_apisdoneura,1,,Bolivia,see paper,,Irwin and Barneby 1985; Marazzi et al. 2006,1
Senna_araucarietorum,1,,"Brazil, Argentina",see paper,,Zimmermann 1932; Irwin and Barneby 1985,1
Senna_argentea,1,,Mexico,see I&B: leaf,,Irwin and Barneby 1985; Marazzi et al. 2006; Marazzi and Sanderson 2010,1
Senna_arida,1,,Mexico,see paper,,Irwin and Barneby 1985,1
Senna_aristeguietae,1,,Venezuela to Brazil,see paper,,Irwin and Barneby 1985,1
Senna_armata,1,,,leaf,,Marazzi et al. 2006; Marazzi and Sanderson 2010,1
Senna_arnottiana,1,,"Argentina, Chile,",see paper,,Irwin and Barneby 1985; Marazzi and Sanderson 2010,1
Senna_artemisioides,1,,,leaf,,Marazzi et al. 2006; Marazzi and Sanderson 2010,1
Senna_aurantia,1,,Peru,see paper,,Irwin and Barneby 1985,1
Senna_australis,1,,Brazil,see paper,,Irwin and Barneby 1985,1
Senna_aversiflora,1,,Brazil,see I&B: leaf,,Irwin and Barneby 1985; Marazzi et al. 2006,1
Senna_aymara,1,,Bolivia,see paper,,Irwin and Barneby 1985,1
Senna_bacillaris,1,,North South America,see paper,,Zimmermann 1932; Irwin and Barneby 1985,1
Senna_barclayana,1,,,leaf,,Marazzi et al. 2006; Marazzi and Sanderson 2010,1
Senna_bauhiniodes,1,,"Mexico, Texas, New Mexico, Arizona",see I&B: leaf,,Irwin and Barneby 1985; Marazzi et al. 2006; Marazzi and Sanderson 2010,1
Senna_benitoensis,1,,Cuba,see paper,,Irwin and Barneby 1985,1
Senna_bicapsularis,1,,West South America and naturalized widely,see I&B:leaf,,Zimmermann 1932; Irwin & Barneby 1985; Marazzi et al.2006; Marazzi and Sanderson 2010,1
Senna_birostris,1,,"Chile, Ecuador",see I&B: leaf,,Irwin and Barneby 1985; Marazzi et al. 2006; Marazzi and Sanderson 2010,1
Senna_brongniartii,1,,Peru Chile,see paper,,Irwin and Barneby 1985,1
Senna_burkatiana,1,,"Bolivia, Argentina",see paper,,Irwin and Barneby 1985,1
Senna_cajamarcae,1,,"Ecuador, Peru, Panama",see paper,,Irwin and Barneby 1985,1
Senna_cana,1,,Brazil,"see I&B: leaf, pedicel",,Irwin and Barneby 1985; Marazzi et al. 2006; Marazzi and Sanderson 2010,1
Senna_candolleana,1,,Chile,see paper,,Irwin and Barneby 1985,1
Senna_cardiosperma,1,,,leaf,,Marazzi et al. 2006,1
Senna_caudata,1,,Panama Costa Rica,see paper,,Irwin and Barneby 1985,1
Senna_cernua,1,,Brazil,see I&B:leaf,,Irwin and Barneby 1985; Marazzi et al. 2006; Marazzi and Sanderson 2010,1
Senna_chacoensis,1,,,"leaf, pedicel",,Marazzi and Sanderson 2010,1
Senna_chloroclada,1,,"Bolivia, Argentina",see I&B: leaf,,Irwin and Barneby 1985; Marazzi et al. 2006; Marazzi and Sanderson 2010,1
Senna_chrysocarpa,1,,Guyana Brazil,see paper,,Irwin and Barneby 1985,1
Senna_cobanensis,1,,"Mexico to Panama, Peru, Bolivia",see paper,,Irwin and Barneby 1985,1
Senna_collicola,1,,Haiti,see paper,,Irwin and Barneby 1985,1
Senna_confinis,1,,Brazil,see paper,,Irwin and Barneby 1985,1
Senna_cornigera,1,,Brazil,see paper,,Irwin and Barneby 1985,1
Senna_coronilloides,1,,,leaf,,Marazzi et al. 2006; Marazzi and Sanderson 2010,1
Senna_corymbosa,1,,"central South America much naturalized in US, Europe",see I&B:leaf,,Irwin and Barneby 1985; Marazzi et al. 2006; Marazzi and Sanderson 2010,1
Senna_covesii,1,,Southwest North America,see paper,,Zimmermann 1932; Irwin and Barneby 1985; Marazzi and Sanderson 2010,1
Senna_crassiramea,1,,,"leaf, petiole",,Marazzi and Sanderson 2010,1
Senna_crotalarioides,1,,Mexico,see I&B: leaf,,Irwin and Barneby 1985; Marazzi et al. 2006; Marazzi and Sanderson 2010,1
Senna_cruckshanksii,1,,Chile,see paper,,Irwin and Barneby 1985,1
Senna_cuatrecasasii,1,,Colombia,see paper,,Irwin and Barneby 1985,1
Senna_cumingii,1,,Chile,see paper,,Irwin and Barneby 1985,1
Senna_dariensis,1,,Panama Ecuador Colombia,see I&B: leaf,,Irwin and Barneby 1985; Marazzi et al 2006; Marazzi and Sanderson 2010,1
Senna_demissa,1,,North Mexico,see paper,,Irwin and Barneby 1985,1
Senna_durangensis,1,,Mexico,see paper,,Irwin and Barneby 1985,1
Senna_foetidissima,1,,Mexico,see paper,,Irwin and Barneby 1985,1
Senna_formosa,1,,Mexico to Honduras,see paper,,Irwin and Barneby 1985,1
Senna_fruiticosa,1,,Mexico to Honduras,see paper,,"Zimmermann 1932; Deuth 1980; 
Irwin and Barneby 1985",1
Senna_gardneri,1,,Brazil,see I&B: leaf,,Irwin and Barneby 1985; Marazzi et al. 2006; de Souza et al. 2009; Marazzi and Sanderson 2010,1
Senna_georgica,1,,Guyana Brazil,see paper,,Irwin and Barneby 1985,1
Senna_glutinosa,1,,,leaf,,Marazzi et al. 2006; Marazzi and Sanderson 2010,1
Senna_guatemalensis,1,,Mexico to Guatemala,see paper,,Irwin and Barneby 1985,1
Senna_harleyi,1,,Brazil,see paper,,Irwin and Barneby 1985,1
Senna_hayesiana,1,,Mexico to Venezuela,see I&B: leaf,,Irwin and Barneby 1985; Marazzi et al. 2006;Marazzi and Sanderson 2010,1
Senna_hebecarpa,1,,Northeast and central US,see paper,,Zimmermann 1932; Irwin and Barneby 1985; Durkee et al. 1999,1
Senna_herzogii,1,,"Peru, Bolivia",see I&B: leaf,,Irwin and Barneby 1985; Marazzi et al. 2006; Marazzi and Sanderson 2010,1
Senna_hilariana,1,,East Central South America,see I&B:leaf,,Irwin and Barneby 1985; Marazzi et al. 2006; Marazzi and Sanderson 2010,1
Senna_hirsuta,1,,"South America, adventive worldwide",see I&B:leaf,,Irwin and Barneby 1985; Marazzi et al. 2006; Marazzi and Sanderson 2010,1
Senna_holwayana,1,,"Guatemala, El Salvadore","see I&B; leaf, pedicel",,Irwin and Barneby 1985; Marazzi et al. 2006; Marazzi and Sanderson 2010,1
Senna_huancabambae,1,,Peru,see paper,,Irwin and Barneby 1985,1
Senna_huilana,1,,Colombia,see paper,,Irwin and Barneby 1985,1
Senna_incarnata,1,,"Ecuador, Peru",see paper,,Irwin and Barneby 1985,1
Senna_insularis,1,,Cuba,see paper,,Irwin and Barneby 1985,1
Senna_itatiaiae,1,,Brazil,see paper,,Irwin and Barneby 1985,1
Senna_koelziana,1,,Mexico,see paper,,Irwin and Barneby 1985,1
Senna_kuhlmanii,1,,Brazil,see paper,,Irwin and Barneby 1985,1
Senna_kurtzii,1,,Argentina,"leaf, pedicel",,Irwin and Barneby 1985; Marazzi and Sanderson 2010,1
Senna_lasseingniana,1,,"Peru, Ecuador",see paper,,Irwin and Barneby 1985,1
Senna_latifolia,1,,Amazon Basin,see paper,,Irwin and Barneby 1985,1
Senna_lechriosperma,1,,Brazil,see paper,,Irwin and Barneby 1985,1
Senna_leiophylla,1,,"Paraguay, Argentina, Brazil",see paper,,Irwin and Barneby 1985,1
Senna_ligustrina,1,,"Florida, West Indies",see paper,,Irwin and Barneby 1985,1
Senna_lindheimeriana,1,,"Chihuahuan Desert, Texas, New Mexico",see paper,,Irwin and Barneby 1985,1
Senna_longiglandulosa,1,,Amazon riparian forest,see paper,,Irwin and Barneby 1985,1
Senna_loretensis,1,,"Brazil, Peru",see paper,,Irwin and Barneby 1985,1
Senna_lourteigiana,1,,French Guiana,see paper,,Irwin and Barneby 1985,1
Senna_macranthera,1,tree,"Brazil, Venezuela, Colombia, Ecuador",see I&B: leaf,,Irwin and Barneby 1985; Marazzi et al. 2006; Marazzi and Sanderson 2010; Melo et al. 2010,1
Senna_macrophylla,1,,"Colombia, Peru, Venezuela",see paper,,Irwin and Barneby 1985,1
Senna_malspinae,1,,Peru,see paper,,Irwin and Barneby 1985,1
Senna_mandoni,1,,"Bolivia, Peru",see paper,,Irwin and Barneby 1985,1
Senna_marilandica,1,shrub,Southeast and South Central US,see paper,,"Zimmermann 1932; Keeler 1979; 
Irwin and Barneby 1985; Durkee et al. 1999",1
Senna_mensicola,1,,Mexico,see paper,,Irwin and Barneby 1985,1
Senna_mexicana,1,,"FL, Mexico, West Indies",see paper,,Irwin and Barneby 1985; Marazzi et al.2006; Marazzi and Sanderson 2010,1
Senna_morongii,1,,"Argentina, Paraguay, Bolivia",see I&B: leaf,,Irwin and Barneby 1985; Marazzi et al. 2006,1
Senna_mucronifera,1,,"Bolivia, Brazil",see I&B: leaf,,Irwin and Barneby 1985; Marazzi et al. 2006; Marazzi and Sanderson 2010,1
Senna_multifoliata,1,,Mexico,see paper,,Irwin and Barneby 1985,1
Senna_multiglandulosa,1,,Central and South America,see paper,,Zimmermann 1932; Irwin and Barneby 1985,1
Senna_multijuga,1,tree,Brazil to Mexico,"see I&B: leaf, pedicel",,Irwin and Barneby 1985; Marazzi et al. 2006; Marazzi and Sanderson 2010,1
Senna_mutisiana,1,,"Panama, Venezuela",see paper,,Irwin and Barneby 1985,1
Senna_nana,1,,"Uruguay, Argentina, Brazil",see paper,,Irwin and Barneby 1985,1
Senna_neglecta,1,,Brazil,see paper,,Irwin and Barneby 1985,1
Senna_nitida,1,,"Puerto Rico, Virgin Island, Leeward Island",see paper,,Irwin and Barneby 1985,1
Senna_obliqua,1,,Peru,see paper,,Irwin and Barneby 1985,1
Senna_oblongifolia,1,,"Brazil,Argentina, Uruguay",see paper,,Irwin and Barneby 1985,1
Senna_obtusifolia,1,,"Mexico, Colombia, Brazil",see I&B: leaf,,"Zimmermann 1932; B&M 1971; Metcalfe 
and Chalk 1979; Irwin and Barneby 1985; So 2004; Marazzi et al. 2006; Marazzi and Sanderson 2010; Melo et al. 2010",1
Senna_occidentalis,1,,"throughout New World Tropics, adventive worldwide",see I&B;leaf,,Zimmermann 1932; Irwin &Barneby 1985; Marazzi et al. 2006; Marazzi and Sanderson 2010; Melo et al. 2010,1
Senna_odorata,1,,,leaf,,Marazzi et al. 2006,1
Senna_oligoclada,1,,,leaf,,Marazzi et al. 2006,1
Senna_orcuttii,1,,"North Chihuahuan Desert, Texas, Mexico",see paper,,Irwin and Barneby 1985,1
Senna_organesis,1,,"Chile, Brazil",see paper,,Irwin and Barneby 1985,1
Senna_oxyphylla,1,,North South America,see paper,,Zimmermann 1932; Irwin and Barneby 1985,1
Senna_pallida,1,,widespread,"see I&B: leaf, pedicel",,Irwin and Barneby 1985; Marazzi et al. 2006; Marazzi and Sanderson 2010,1
Senna_papillosa,1,,Mexico to Colombia,see paper,,Irwin and Barneby 1985,1
Senna_paraensis,1,,Brazil,see paper,,Irwin and Barneby 1985,1
Senna_pendula,1,,"Mexico, Central and South America, West Indies",see I&B:leaf,,Irwin and Barneby 1985; Marazzi et al. 2006; Marazzi and Sanderson 2010,1
Senna_pentagonia,1,,"North Central America, Mexico, Brazil",see paper,,Irwin and Barneby 1985,1
Senna_phlebadenia,1,,,"leaf, pedicel",,Marazzi et al. 2006; Marazzi and Sanderson 2010,1
Senna_pilifera,1,,"Panama, Bolivia, Brazil, Paraguay",see I&B: leaf,,Irwin and Barneby 1985; Marazzi et al. 2006; Marazzi and Sanderson 2010,1
Senna_pilosior,1,,"Texas, New Mexico",see paper,,Irwin and Barneby 1985,1
Senna_pinheiroi,1,,Brazil,see I&B: leaf,,Irwin and Barneby 1985; Marazzi et al 2006; Marazzi and Sanderson 2010,1
Senna_pneumatica,1,,Brazil,see paper,,Irwin and Barneby 1985,1
Senna_polyphylla,1,,"Mexico, West Indies",see paper,,Irwin and Barneby 1985,1
Senna_praeterita,1,,Peru,see paper,,Irwin and Barneby 1985,1
Senna_pumilio,1,,"Texas, Mexico",see paper,,Irwin and Barneby 1985,1
Senna_punoensis,1,,"Peru, Bolivia",see paper,,Irwin and Barneby 1985,1
Senna_purpusii,1,,Baja California,leaves,,Irwin and Barneby 1985; Marazzi et al. 2006; Marazzi and Sanderson 2010,1
Senna_quinquangulata,1,,"Panama, Venezuela, Guyana",see I&B: leaf,,Irwin and Barneby 1985; Marazzi et al. 2006; Marazzi and Sanderson 2010,1
Senna_reniformis,1,,Brazil,see paper,,Irwin and Barneby 1985,1
Senna_rigida,1,,,"leaf, petiole",,Marazzi and Sanderson 2010,1
Senna_ripleyana,1,,"Texas, New Mexico",see paper,,Irwin and Barneby 1985,1
Senna_rizzinii,1,,Brazil,see I&B: leaf,,Irwin and Barneby 1985; Marazzi et al. 2006; Marazzi and Sanderson 2010,1
Senna_robiniifolia,1,,"Cuba, Venezuela, Colombia","see I&B: leaf, petiole",,Irwin and Barneby 1985; Marazzi et al. 2006; Marazzi and Sanderson 2010,1
Senna_roemeriana,1,,"Mexico, Texas, Oklahoma",see paper,,Irwin and Barneby 1985,1
Senna_rostrata,1,,Brazil,see paper,,Irwin and Barneby 1985,1
Senna_rugosa,1,,"Bolivia, Brazil",see I&B: leaf rachis,,Irwin and Barneby 1985; Oliviera and Pie 1998; Marazzi et al. 2006; Marazzi and Sanderson 2010,1
Senna_ruiziana,1,,Amazonia,see paper,,Irwin and Barneby 1985,1
Senna_rupununientsis,1,,"Brazil, Guyana",see paper,,Irwin and Barneby 1985,1
Senna_santenderensis,1,,"Colombia, Venezuela",see paper,,Irwin and Barneby 1985,1
Senna_scabriuscula,1,,"Paraguay, Argentina, Bolivia",see paper,,Irwin and Barneby 1985; Marazzi and Sanderson 2010,1
Senna_scandens,1,,Ecuador,see paper,,Irwin and Barneby 1985,1
Senna_septemtrionalis,1,,"Mexico, much cultivated, now worldwide",see paper: leaf,,Irwin and Barneby 1985; Marazzi et al 2006; Marazzi and Sanderson 2010,1
Senna_skinneri,1,,Mexico to Venezuela,leaf,,Irwin and Barneby 1985; Marazzi and Sanderson 2010,1
Senna_smithiana,1,,"Colobia, Venezuela",see paper,,Irwin and Barneby 1985,1
Senna_sophora,1,,"throughout New World Tropics, adventive worldwide",see paper,,"Zimmermann 1932; Irwin and Barneby 1985; 
So 2004 (as Cassia sophera)",1
Senna_spinescens,1,,"Peru, Brazil, Colombia",see paper,,Irwin and Barneby 1985,1
Senna_splendida,1,,Brazil,leaf,,Marazzi et al 2006; Marazzi and Sanderson 2010; Melo et al. 2010,1
Senna_stenocarpoides,1,,Cost Rica,leaf,,Mexzón and Chinchilla 1999,1
Senna_stenophylla,1,,,,,Irwin and Barneby 1985,1
Senna_stipulaceae,1,,,,,Irwin and Barneby 1985,1
Senna_subtrijuga,1,,,,,Irwin and Barneby 1985,1
Senna_subulata,1,,,leaf,,Irwin and Barneby 1985; Marazzi et al. 2006; Marazzi and Sanderson 2010,1
Senna_sulfurae,1,,,,,Irwin and Barneby 1985,1
Senna_surattensis,1,,,between leaflets,,"Rock 1920; Zimmermann 1932; Irwin and 
Barneby 1985; So 2004",1
Senna_talpana,1,,,,,Irwin and Barneby 1985,1
Senna_tapajozensis,1,,,,,Irwin and Barneby 1985,1
Senna_tenufolia,1,,,,,Irwin and Barneby 1985,1
Senna_tonduzii,1,,,"leaf, pedicel",,Irwin and Barneby 1985Marazzi et al. 2006; Marazzi and Sanderson 2010,1
Senna_trachypus,1,,,,,Irwin and Barneby 1985; Melo et al. 2010,1
Senna_tranae,1,,,,,Irwin and Barneby 1985,1
Senna_trolliiflora,1,,,,,Irwin and Barneby 1985,1
Senna_tropica,1,,,,,Irwin and Barneby 1985,1
Senna_uncata,1,,,,,Irwin and Barneby 1985,1
Senna_undulata,1,,,,,Irwin and Barneby 1985,1
Senna_uniflora,1,,,"leaf,
pedicel",,Irwin and Barneby 1985; Marazzi et al. 2006;Marazzi and Sanderson 2010 Melo et al. 2010,1
Senna_urmenetae,1,,,,,Irwin and Barneby 1985,1
Senna_vargasii,1,,,,,Irwin and Barneby 1985,1
Senna_velutina,1,,,"leaf, pedicel",,Irwin and Barneby 1985; Marazzi and Sanderson 2010,1
Senna_versicolor,1,,,,,Irwin and Barneby 1985,1
Senna_viciifolia,1,,,,,Irwin and Barneby 1985,1
Senna_villosa,1,,,leaf,,Marazzi et al. 2006; Marazzi and Sanderson 2010,1
Senna_viminea,1,,,,,,1
Senna_weddelliana,1,,,,,,1
Senna_williamsii,1,,,"leaf, pedicel",,Marazzi et al. 2006;Marazzi and Sanderson 2010,1
Serianthes_sachetae,1,,Pacific,,,Nielsen et al 1983,1
Stachyothyrsus_stapfiana,1,,Ivory Coast,rachis,rachis nectary-like structure is non-scretory,Pascal et al. 2000,1
Stryphnodendron_adstringens,1,,Brazil,rachis,Knoechelmann and Morales 2008,Oliviera and Leitão-Filho 1987; Oliveira and Pie 1998; Knoechelmann and Morales 2008; Machado et al. 2008; Simon et al. 2011,1
Stryphnodendron_microstachyum,1,tree,Costa Rica,,de la Fuente and Marquis 1999,de la Fuente and Marquis 1999,1
Stryphnodendron_moricolor,1,tree,French Guiana,petiole,,Barneby and Grimes 1984a,1
Stryphnodendron_obovatum,1,,Brazil,rachis,,Oliviera and Leitão-Filho 1987; Oliveira and Pie 1998; Machado et al. 2008; Simon et al. 2011,1
Stryphnodendron_occhionianum,1,,,,,Barneby and Grimes 1984a,1
Stryphnodendron_paniculatum,1,,,,,Barneby and Grimes 1984a,1
Stryphnodendron_polyphyllum,1,,Brazil,rachis,,Oliviera and Leitão-Filho 1987; Oliviera and Pie 1998; Machado et al. 2008,1
Vachellia_albicorticata,1,tree,"Argentina, Bolivia","petiole, rachis",,Miller 2008,1
Vachellia_aroma,1,,Australia,base of phyllode,,"Keeler, unpub.; Miller 2008",1
Vachellia_astringens,1,shrub,Argentina,"petiole, rachis",,Miller 2008,1
Vachellia_baessleria,1,tree,Cuba,petiole,,Miller 2008,1
Vachellia_bravoensis,1,shrub,"Mexico, Texas",petiole,,Miller 2008,1
Vachellia_californica,1,tree,Mexico,petiole,,Miller 2008,1
Vachellia_campechiana,1,shrub,Mexico,"petiole, rachis",,Miller 2008,1
Vachellia_caven,1,shrub,Chile,petiole,,Keeler unpub from herbarium specimen; Miller 2008,1
Vachellia_daemon,1,small tree,Cuba,petiole,,Keeler unpub.; Miller 2008,1
Vachellia_drepanolobium,1,tree,Kenya,leaf base,,Keeler unpub from herbarium specimen; Palmer and Brody 2007,1
Vachellia_eburnea,1,,India,petiole,,Keeler unpub from herbarium specimen,1
Vachellia_macracantha,1,shrub,Mexico Venezuela,between pinnae,photo: Miller 2008,Zimmermann 1932;; Pascal et al. 2000,1
Vachellia_nilotica,1,,,petiole; between pinnae,,Rock 1920; Bhattacharyya and Maheshwari 1971 ; Miller 2008,1
Vachellia_tortuosa,1,shrub,Florida to Colombia,petiole; rachis,,Miller 2008,1
Vachellia_villaregalis,1,shrub,Mexico,petiole; rachis,,,1
Vicia_angustifolia,1,,,stipules,Koptur and Lawton 1988; Suzuki et al. 2004,Koptur 1979; Pemberton 1990; Koptur and Lawton 1988; Suzuki et al. 2004,1
Vicia_cracca,1,,,,,Springensguth 1935,1
Vicia_faba,1,,,stipules,Laird and Addicott 2007; Oliver et al. 2007; Katayama and Suzuki 2010; Portillo et al. 2012,"Zimmermann 1932; Springensguth 1935; 
Davis et al 1988; So 2004; Laird and Addicott 2007; Oliver et al 2007; Katayama and Suzuki 2010",1
Vicia_glauca,1,,central US,stipules,,Keeler 1979,1
Vicia_hirsuta,1,,,,,Springensguth 1935,1
Vicia_narbonensis,1,,,stipules,,Zimmermann 1932,1
Vicia_sativa,1,herb,,stipules,Koptur 1979,Zimmermann 1932; Springensguth 1935; Koptur 1979; Mizell 2004,1
Vicia_sepium,1,,,,,Zimmermann 1932; Springensguth 1935,1
Vicia_villosa,1,,,,,Springensguth 1935,1
Vigna_luteola,1,,Bahamas,abortive floral buds,,Koptur et al.2010,1
Vigna_sesquipedalis,1,,,,,Zimmermann 1932,1
Vigna_sinensis,1,,Korea,"peduncle, stipule",,Pemberton 1990,1
Vigna_unguiculata,1,herb,,"stipule, inflorescence stalk",,Kuo and Pate 1985; Pate et al. 1985; Mizell 2004,1
Wallaceodendron_celebicum,1,tree,"Celebes, Philippines",on rachis,,Keeler unpub from herbarium specimen,1
Weberbauerella_celebicum,1,,,base of leaflets,,Keeler unpub.from herbarium specimen,1
