"Phy","species","RangeY","domY","efnY","n","sum.AM","sum.EM","AM","EM","match"
"Abarema jupunba","Abarema jupunba",TRUE,FALSE,FALSE,1,1,0,"Y","N",TRUE
"Abrus precatorius","Abrus precatorius",TRUE,FALSE,FALSE,5,5,0,"Y","N",TRUE
"Acacia alata","Acacia alata",TRUE,FALSE,FALSE,3,3,0,"Y","N",TRUE
"Acacia alleniana","Acacia alleniana",TRUE,FALSE,FALSE,1,1,0,"Y","N",TRUE
"Acacia ampliceps","Acacia ampliceps",TRUE,FALSE,FALSE,1,1,0,"Y","N",TRUE
"Acacia ancistrocarpa","Acacia ancistrocarpa",TRUE,FALSE,FALSE,1,1,0,"Y","N",TRUE
"Acacia aneura","Acacia aneura",TRUE,FALSE,TRUE,5,2,4,"Y","Y",TRUE
"Acacia aulacocarpa","Acacia aulacocarpa",TRUE,FALSE,TRUE,4,4,1,"Y","Y",TRUE
"Acacia auriculiformis","Acacia auriculiformis",TRUE,FALSE,TRUE,22,19,3,"Y","Y",TRUE
"Acacia bivenosa","Acacia bivenosa",TRUE,FALSE,FALSE,1,1,1,"Y","Y",TRUE
"Acacia cincinnata","Acacia cincinnata",TRUE,FALSE,TRUE,1,1,0,"Y","N",TRUE
"Acacia cochliacantha","Acacia cochliacantha",TRUE,FALSE,TRUE,1,1,0,"Y","N",TRUE
"Acacia concurrens","Acacia concurrens",TRUE,FALSE,TRUE,2,2,0,"Y","N",TRUE
"Acacia confusa","Acacia confusa",TRUE,FALSE,TRUE,3,1,0,"Y","N",TRUE
"Acacia coriacea","Acacia coriacea",TRUE,FALSE,TRUE,1,1,1,"Y","Y",TRUE
"Acacia cowleana","Acacia cowleana",TRUE,FALSE,FALSE,1,1,1,"Y","Y",TRUE
"Acacia crassicarpa","Acacia crassicarpa",TRUE,FALSE,FALSE,1,1,1,"Y","Y",TRUE
"Acacia cyclops","Acacia cyclops",TRUE,FALSE,TRUE,1,1,0,"Y","N",TRUE
"Acacia dealbata","Acacia dealbata",TRUE,FALSE,TRUE,7,4,3,"Y","Y",TRUE
"Acacia decurrens","Acacia decurrens",TRUE,FALSE,TRUE,8,5,3,"Y","Y",TRUE
"Acacia difficilis","Acacia difficilis",TRUE,FALSE,FALSE,2,2,2,"Y","Y",TRUE
"Acacia dimidiata","Acacia dimidiata",TRUE,FALSE,FALSE,2,2,1,"Y","Y",TRUE
"Acacia dunnii","Acacia dunnii",TRUE,FALSE,FALSE,1,1,0,"Y","N",TRUE
"Acacia extensa","Acacia extensa",TRUE,FALSE,FALSE,3,3,0,"Y","N",TRUE
"Acacia floribunda","Acacia floribunda",TRUE,FALSE,TRUE,2,2,0,"Y","N",TRUE
"Acacia gonocarpa","Acacia gonocarpa",TRUE,FALSE,FALSE,2,2,1,"Y","Y",TRUE
"Acacia hilliana","Acacia hilliana",TRUE,FALSE,FALSE,1,1,1,"Y","Y",TRUE
"Acacia hippuroides","Acacia hippuroides",TRUE,FALSE,FALSE,1,1,1,"Y","Y",TRUE
"Acacia holosericea","Acacia holosericea",TRUE,FALSE,FALSE,13,12,8,"Y","Y",TRUE
"Acacia implexa","Acacia implexa",TRUE,FALSE,FALSE,2,1,2,"Y","Y",TRUE
"Acacia koa","Acacia heterophylla",TRUE,FALSE,TRUE,2,2,0,"Y","N",FALSE
"Acacia koa","Acacia koa",TRUE,FALSE,TRUE,2,2,0,"Y","N",TRUE
"Acacia latescens","Acacia latescens",TRUE,FALSE,FALSE,4,4,1,"Y","Y",TRUE
"Acacia leptocarpa","Acacia leptocarpa",TRUE,FALSE,FALSE,1,1,0,"Y","N",TRUE
"Acacia ligulata","Acacia ligulata",TRUE,FALSE,TRUE,1,1,0,"Y","N",TRUE
"Acacia linifolia","Acacia linifolia",TRUE,FALSE,FALSE,2,2,1,"Y","Y",TRUE
"Acacia lysiphloia","Acacia lysiphloia",TRUE,FALSE,FALSE,1,1,1,"Y","Y",TRUE
"Acacia mangium","Acacia mangium",TRUE,FALSE,FALSE,13,11,5,"Y","Y",TRUE
"Acacia mearnsii","Acacia mearnsii",TRUE,FALSE,TRUE,4,4,1,"Y","Y",TRUE
"Acacia melanoxylon","Acacia latifolia",TRUE,FALSE,TRUE,6,1,4,"Y","Y",FALSE
"Acacia melanoxylon","Acacia melanoxylon",TRUE,FALSE,TRUE,6,1,4,"Y","Y",TRUE
"Acacia mimula","Acacia mimula",TRUE,FALSE,FALSE,4,4,3,"Y","Y",TRUE
"Acacia monticola","Acacia monticola",TRUE,FALSE,FALSE,1,1,1,"Y","Y",TRUE
"Acacia myrtifolia","Acacia myrtifolia",TRUE,FALSE,TRUE,5,2,3,"Y","Y",TRUE
"Acacia notabilis","Acacia notabilis",TRUE,FALSE,FALSE,1,0,0,"N","N",TRUE
"Acacia oncinocarpa","Acacia oncinocarpa",TRUE,FALSE,FALSE,6,6,2,"Y","Y",TRUE
"Acacia pellita","Acacia pellita",TRUE,FALSE,FALSE,1,1,1,"Y","Y",TRUE
"Acacia platycarpa","Acacia platycarpa",TRUE,FALSE,FALSE,3,1,2,"Y","Y",TRUE
"Acacia plectocarpa","Acacia plectocarpa",TRUE,FALSE,FALSE,4,3,3,"Y","Y",TRUE
"Acacia pravissima","Acacia pravissima",TRUE,FALSE,FALSE,1,0,1,"N","Y",TRUE
"Acacia pulchella","Acacia pulchella",TRUE,FALSE,TRUE,7,7,1,"Y","Y",TRUE
"Acacia pycnantha","Acacia pycnantha",TRUE,FALSE,TRUE,4,2,2,"Y","Y",TRUE
"Acacia pyrifolia","Acacia pyrifolia",TRUE,FALSE,FALSE,3,3,0,"Y","N",TRUE
"Acacia retinodes","Acacia retinodes",TRUE,FALSE,TRUE,5,0,4,"N","Y",TRUE
"Acacia richii","Acacia richii",TRUE,FALSE,FALSE,2,2,0,"Y","N",TRUE
"Acacia rigens","Acacia rigens",TRUE,FALSE,FALSE,1,1,1,"Y","Y",TRUE
"Acacia rothii","Acacia rothii",TRUE,FALSE,FALSE,2,2,2,"Y","Y",TRUE
"Acacia rubida","Acacia amoena",TRUE,FALSE,TRUE,3,0,3,"N","Y",FALSE
"Acacia rubida","Acacia rubida",TRUE,FALSE,TRUE,3,0,3,"N","Y",TRUE
"Acacia salicina","Acacia salicina",TRUE,FALSE,FALSE,4,1,3,"Y","Y",TRUE
"Acacia saligna","Acacia saligna",TRUE,FALSE,TRUE,8,8,0,"Y","N",TRUE
"Acacia simsii","Acacia simsii",TRUE,FALSE,FALSE,2,2,2,"Y","Y",TRUE
"Acacia sparsiflora","Acacia sparsiflora",TRUE,FALSE,FALSE,2,0,2,"N","Y",TRUE
"Acacia spathulifolia","Acacia spathulifolia",TRUE,FALSE,FALSE,1,1,0,"Y","N",TRUE
"Acacia spinescens","Acacia spinescens",TRUE,FALSE,FALSE,1,1,0,"Y","N",TRUE
"Acacia stenophylla","Acacia stenophylla",TRUE,FALSE,TRUE,1,1,0,"Y","N",TRUE
"Acacia stricta","Acacia stricta",TRUE,FALSE,FALSE,2,2,2,"Y","Y",TRUE
"Acacia suaveolens","Acacia suaveolens",TRUE,FALSE,TRUE,3,3,1,"Y","Y",TRUE
"Acacia torulosa","Acacia julifera",TRUE,FALSE,FALSE,5,5,1,"Y","Y",FALSE
"Acacia torulosa","Acacia torulosa",TRUE,FALSE,FALSE,5,5,1,"Y","Y",TRUE
"Acacia trachycarpa","Acacia trachycarpa",TRUE,FALSE,FALSE,1,1,1,"Y","Y",TRUE
"Acacia translucens","Acacia translucens",TRUE,FALSE,FALSE,1,1,1,"Y","Y",TRUE
"Acacia tumida","Acacia tumida",TRUE,FALSE,FALSE,2,2,0,"Y","N",TRUE
"Acacia ulicifolia","Acacia ulicifolia",TRUE,FALSE,FALSE,1,1,1,"Y","Y",TRUE
"Acacia ulicifolia","Acacia verticillata",TRUE,FALSE,FALSE,1,1,1,"Y","Y",FALSE
"Acacia urophylla","Acacia urophylla",TRUE,FALSE,FALSE,2,2,0,"Y","N",TRUE
"Acacia verniciflua","Acacia binervata",TRUE,FALSE,FALSE,1,1,0,"Y","N",FALSE
"Acacia verniciflua","Acacia verniciflua",TRUE,FALSE,FALSE,1,1,0,"Y","N",TRUE
"Acacia verticillata","Acacia verticillata",TRUE,FALSE,TRUE,3,0,3,"N","Y",TRUE
"Acacia yirrkallensis","Acacia yirrkallensis",TRUE,FALSE,FALSE,3,3,0,"Y","N",TRUE
"Acmispon brachycarpus","Acmispon brachycarpus",TRUE,FALSE,FALSE,1,1,0,"Y","N",TRUE
"Acmispon subpinnatus","Acmispon subpinnatus",TRUE,FALSE,FALSE,1,1,0,"Y","N",TRUE
"Acrocarpus fraxinifolius","Acrocarpus fraxinifolius",TRUE,FALSE,FALSE,1,1,0,"Y","N",TRUE
"Adesmia retusa","Adesmia retusa",TRUE,FALSE,FALSE,1,1,0,"Y","N",TRUE
"Aeschynomene americana","Aeschynomene americana",TRUE,FALSE,FALSE,4,4,0,"Y","N",TRUE
"Aeschynomene aspera","Aeschynomene aspera",TRUE,FALSE,FALSE,3,2,0,"Y","N",TRUE
"Aeschynomene aspera","Aeschynomene indica",TRUE,FALSE,FALSE,3,2,0,"Y","N",FALSE
"Aeschynomene indica","Aeschynomene indica",TRUE,FALSE,FALSE,5,5,0,"Y","N",TRUE
"Aeschynomene indica","Aeschynomene viscidula",TRUE,FALSE,FALSE,5,5,0,"Y","N",FALSE
"Albizia amara","Albizia amara",TRUE,FALSE,TRUE,3,3,0,"Y","N",TRUE
"Albizia chinensis","Albizia chinensis",TRUE,FALSE,TRUE,1,1,0,"Y","N",TRUE
"Albizia coriaria","Albizia coriaria",TRUE,FALSE,FALSE,1,1,0,"Y","N",TRUE
"Albizia gummifera","Albizia gummifera",TRUE,FALSE,FALSE,3,3,0,"Y","N",TRUE
"Albizia inundata","Albizia inundata",TRUE,FALSE,FALSE,2,2,0,"Y","N",TRUE
"Albizia julibrissin","Albizia julibrissin",TRUE,FALSE,TRUE,3,3,1,"Y","Y",TRUE
"Albizia kalkora","Albizia kalkora",TRUE,FALSE,FALSE,3,3,0,"Y","N",TRUE
"Albizia lebbeck","Albizia lebbeck",TRUE,FALSE,TRUE,12,10,0,"Y","N",TRUE
"Albizia lucidior","Albizia lucidior",TRUE,FALSE,FALSE,1,1,1,"Y","Y",TRUE
"Albizia odoratissima","Albizia odoratissima",TRUE,FALSE,FALSE,4,3,0,"Y","N",TRUE
"Albizia procera","Acacia elata",TRUE,FALSE,TRUE,5,5,0,"Y","N",FALSE
"Albizia procera","Albizia procera",TRUE,FALSE,TRUE,5,5,0,"Y","N",TRUE
"Albizia schimperiana","Albizia schimperiana",TRUE,FALSE,FALSE,2,2,0,"Y","N",TRUE
"Albizia versicolor","Albizia versicolor",TRUE,FALSE,FALSE,1,1,0,"Y","N",TRUE
"Aldina latifolia","Aldina latifolia",TRUE,FALSE,FALSE,2,0,2,"N","Y",TRUE
"Alhagi maurorum","Alhagi maurorum",TRUE,FALSE,FALSE,4,4,0,"Y","N",TRUE
"Alhagi sparsifolia","Alhagi sparsifolia",TRUE,FALSE,FALSE,2,1,0,"Y","N",TRUE
"Alysicarpus glumaceus","Alysicarpus glumaceus",TRUE,FALSE,FALSE,1,1,0,"Y","N",TRUE
"Alysicarpus monilifer","Alysicarpus monilifer",TRUE,FALSE,FALSE,5,5,0,"Y","N",TRUE
"Alysicarpus rugosus","Alysicarpus rugosus",TRUE,FALSE,FALSE,3,2,0,"Y","N",TRUE
"Alysicarpus vaginalis","Alysicarpus vaginalis",TRUE,FALSE,FALSE,9,9,0,"Y","N",TRUE
"Amburana cearensis","Amburana cearensis",TRUE,FALSE,FALSE,1,1,0,"Y","N",TRUE
"Ammopiptanthus mongolicus","Ammopiptanthus mongolicus",TRUE,FALSE,FALSE,1,1,0,"Y","N",TRUE
"Amorpha canescens","Amorpha canescens",TRUE,FALSE,FALSE,2,2,0,"Y","N",TRUE
"Amorpha fruticosa","Amorpha fruticosa",TRUE,FALSE,FALSE,2,2,0,"Y","N",TRUE
"Amorpha fruticosa","Amorpha herbacea",TRUE,FALSE,FALSE,2,2,0,"Y","N",FALSE
"Amphicarpaea bracteata","Amphicarpaea bracteata",TRUE,FALSE,FALSE,3,3,0,"Y","N",TRUE
"Anadenanthera colubrina","Anadenanthera colubrina",TRUE,FALSE,TRUE,3,3,0,"Y","N",TRUE
"Anadenanthera peregrina","Anadenanthera peregrina",TRUE,FALSE,FALSE,3,3,0,"Y","N",TRUE
"Andira coriacea","Andira coriacea",TRUE,FALSE,FALSE,1,1,0,"Y","N",TRUE
"Andira inermis","Andira inermis",TRUE,FALSE,FALSE,2,2,0,"Y","N",TRUE
"Anthyllis cytisoides","Anthyllis cytisoides",TRUE,FALSE,FALSE,4,4,0,"Y","N",TRUE
"Anthyllis vulneraria","Anthyllis vulneraria",TRUE,FALSE,FALSE,9,6,0,"Y","N",TRUE
"Apuleia leiocarpa","Apuleia leiocarpa",TRUE,FALSE,FALSE,1,1,0,"Y","N",TRUE
"Arachis hypogaea","Arachis hypogaea",TRUE,FALSE,FALSE,12,12,0,"Y","N",TRUE
"Archidendron lucidum","Archidendron lucidum",TRUE,FALSE,TRUE,1,1,0,"Y","N",TRUE
"Aspalathus albens","Aspalathus albens",TRUE,FALSE,FALSE,1,1,0,"Y","N",TRUE
"Aspalathus cordata","Aspalathus cordata",TRUE,FALSE,FALSE,1,1,0,"Y","N",TRUE
"Aspalathus divaricata","Aspalathus divaricata",TRUE,FALSE,FALSE,1,0,0,"N","N",TRUE
"Aspalathus flexuosa","Aspalathus flexuosa",TRUE,FALSE,FALSE,1,1,0,"Y","N",TRUE
"Aspalathus linearis","Aspalathus linearis",TRUE,FALSE,FALSE,2,2,0,"Y","N",TRUE
"Aspalathus spinescens","Aspalathus spinescens",TRUE,FALSE,FALSE,2,2,0,"Y","N",TRUE
"Aspalathus ternata","Aspalathus nivea",TRUE,FALSE,FALSE,1,1,0,"Y","N",FALSE
"Aspalathus ternata","Aspalathus ternata",TRUE,FALSE,FALSE,1,1,0,"Y","N",TRUE
"Astragalus adsurgens","Astragalus adsurgens",TRUE,FALSE,FALSE,2,1,0,"Y","N",TRUE
"Astragalus alopecias","Astragalus alopecias",TRUE,FALSE,FALSE,1,1,0,"Y","N",TRUE
"Astragalus alpinus","Astragalus alpinus",TRUE,FALSE,FALSE,7,1,0,"Y","N",TRUE
"Astragalus bisulcatus","Astragalus bisulcatus",TRUE,FALSE,FALSE,1,1,0,"Y","N",TRUE
"Astragalus chlorostachys","Astragalus chlorostachys",TRUE,FALSE,FALSE,1,1,0,"Y","N",TRUE
"Astragalus crassicarpus","Astragalus crassicarpus",TRUE,FALSE,FALSE,1,1,0,"Y","N",TRUE
"Astragalus danicus","Astragalus danicus",TRUE,FALSE,FALSE,3,2,0,"Y","N",TRUE
"Astragalus danicus","Astragalus hypoglottis",TRUE,FALSE,FALSE,3,2,0,"Y","N",FALSE
"Astragalus drummondii","Astragalus drummondii",TRUE,FALSE,FALSE,1,1,0,"Y","N",TRUE
"Astragalus filicaulis","Astragalus filicaulis",TRUE,FALSE,FALSE,1,1,0,"Y","N",TRUE
"Astragalus frigidus","Astragalus frigidus",TRUE,FALSE,FALSE,2,0,0,"N","N",TRUE
"Astragalus gambelianus","Astragalus gambelianus",TRUE,FALSE,FALSE,1,1,0,"Y","N",TRUE
"Astragalus graveolens","Astragalus graveolens",TRUE,FALSE,FALSE,1,1,0,"Y","N",TRUE
"Astragalus graveolens","Astragalus stipulatus",TRUE,FALSE,FALSE,1,1,0,"Y","N",FALSE
"Astragalus kentrophyta","Astragalus kentrophyta",TRUE,FALSE,FALSE,2,1,0,"Y","N",TRUE
"Astragalus lehmannianus","Astragalus lehmannianus",TRUE,FALSE,FALSE,1,0,0,"N","N",TRUE
"Astragalus monspessulanus","Astragalus monspessulanus",TRUE,FALSE,FALSE,4,3,0,"Y","N",TRUE
"Astragalus onobrychis","Astragalus onobrychis",TRUE,FALSE,FALSE,2,2,0,"Y","N",TRUE
"Astragalus onobrychis","Astragalus trichocarpus",TRUE,FALSE,FALSE,2,2,0,"Y","N",FALSE
"Astragalus oxyglottis","Astragalus oxyglottis",TRUE,FALSE,FALSE,1,1,0,"Y","N",TRUE
"Astragalus pectinatus","Astragalus pectinatus",TRUE,FALSE,FALSE,1,1,0,"Y","N",TRUE
"Astragalus purshii","Astragalus purshii",TRUE,FALSE,FALSE,1,1,0,"Y","N",TRUE
"Astragalus scaberrimus","Astragalus scaberrimus",TRUE,FALSE,FALSE,1,1,0,"Y","N",TRUE
"Astragalus sinicus","Astragalus sinicus",TRUE,FALSE,FALSE,6,6,0,"Y","N",TRUE
"Astragalus tribuloides","Astragalus tribuloides",TRUE,FALSE,FALSE,1,1,0,"Y","N",TRUE
"Astragalus umbellatus","Astragalus umbellatus",TRUE,FALSE,FALSE,1,1,0,"Y","N",TRUE
"Baikiaea insignis","Baikiaea insignis",TRUE,FALSE,FALSE,2,1,1,"Y","Y",TRUE
"Baikiaea plurijuga","Baikiaea plurijuga",TRUE,FALSE,FALSE,1,1,0,"Y","N",TRUE
"Baphia laurifolia","Baphia laurifolia",TRUE,FALSE,FALSE,2,2,2,"Y","Y",TRUE
"Baptisia alba","Baptisia alba",TRUE,FALSE,FALSE,3,3,0,"Y","N",TRUE
"Bauhinia acuminata","Bauhinia acuminata",TRUE,FALSE,FALSE,1,1,0,"Y","N",TRUE
"Bauhinia diphylla","Bauhinia diphylla",TRUE,FALSE,FALSE,1,1,0,"Y","N",TRUE
"Bauhinia forficata","Bauhinia forficata",TRUE,FALSE,FALSE,4,4,0,"Y","N",TRUE
"Bauhinia galpinii","Bauhinia galpinii",TRUE,FALSE,FALSE,1,1,0,"Y","N",TRUE
"Bauhinia guianensis","Bauhinia guianensis",TRUE,FALSE,FALSE,1,1,0,"Y","N",TRUE
"Bauhinia malabarica","Bauhinia malabarica",TRUE,FALSE,FALSE,2,0,2,"N","Y",TRUE
"Bauhinia ornata","Bauhinia ornata",TRUE,FALSE,FALSE,1,1,0,"Y","N",TRUE
"Bauhinia petersiana","Bauhinia petersiana",TRUE,FALSE,FALSE,3,3,0,"Y","N",TRUE
"Bauhinia pulchella","Bauhinia pulchella",TRUE,FALSE,FALSE,1,0,0,"N","N",TRUE
"Bauhinia racemosa","Bauhinia racemosa",TRUE,FALSE,FALSE,4,4,0,"Y","N",TRUE
"Bauhinia rufa","Bauhinia rufa",TRUE,FALSE,TRUE,2,1,1,"Y","Y",TRUE
"Bauhinia tomentosa","Bauhinia binata",TRUE,FALSE,FALSE,1,0,0,"N","N",FALSE
"Bauhinia tomentosa","Bauhinia tomentosa",TRUE,FALSE,FALSE,1,0,0,"N","N",TRUE
"Bauhinia variegata","Bauhinia variegata",TRUE,FALSE,FALSE,4,3,0,"Y","N",TRUE
"Berlinia bracteosa","Berlinia bracteosa",TRUE,FALSE,FALSE,3,0,3,"N","Y",TRUE
"Berlinia craibiana","Berlinia craibiana",TRUE,FALSE,FALSE,2,0,2,"N","Y",TRUE
"Bossiaea aquifolium","Bossiaea aquifolium",TRUE,FALSE,FALSE,3,3,0,"Y","N",TRUE
"Bossiaea bossiaeoides","Bossiaea bossiaeoides",TRUE,FALSE,FALSE,2,2,0,"Y","N",TRUE
"Bossiaea eriocarpa","Bossiaea eriocarpa",TRUE,FALSE,FALSE,1,1,0,"Y","N",TRUE
"Bossiaea ornata","Bossiaea ornata",TRUE,FALSE,FALSE,3,3,0,"Y","N",TRUE
"Bossiaea prostrata","Bossiaea prostrata",TRUE,FALSE,FALSE,1,1,0,"Y","N",TRUE
"Brachystegia boehmii","Brachystegia boehmii",TRUE,FALSE,FALSE,5,0,5,"N","Y",TRUE
"Brachystegia bussei","Brachystegia bussei",TRUE,FALSE,FALSE,3,0,3,"N","Y",TRUE
"Brachystegia cynometroides","Brachystegia cynometroides",TRUE,FALSE,FALSE,1,0,1,"N","Y",TRUE
"Brachystegia floribunda","Brachystegia floribunda",TRUE,FALSE,FALSE,2,0,2,"N","Y",TRUE
"Brachystegia laurentii","Brachystegia laurentii",TRUE,FALSE,FALSE,2,0,2,"N","Y",TRUE
"Brachystegia microphylla","Brachystegia microphylla",TRUE,FALSE,FALSE,4,0,4,"N","Y",TRUE
"Brachystegia utilis","Brachystegia utilis",TRUE,FALSE,FALSE,2,0,2,"N","Y",TRUE
"Brownea ariza","Brownea ariza",TRUE,FALSE,TRUE,1,0,0,"N","N",TRUE
"Butea monosperma","Butea monosperma",TRUE,FALSE,FALSE,3,3,0,"Y","N",TRUE
"Caesalpinia bonduc","Caesalpinia bonduc",TRUE,FALSE,FALSE,1,0,0,"N","N",TRUE
"Caesalpinia crista","Caesalpinia crista",TRUE,FALSE,TRUE,1,1,0,"Y","N",TRUE
"Caesalpinia decapetala","Caesalpinia decapetala",TRUE,FALSE,FALSE,2,2,1,"Y","Y",TRUE
"Caesalpinia echinata","Caesalpinia echinata",TRUE,FALSE,FALSE,1,1,0,"Y","N",TRUE
"Caesalpinia eriostachys","Caesalpinia eriostachys",TRUE,FALSE,FALSE,1,1,0,"Y","N",TRUE
"Caesalpinia ferrea","Caesalpinia ferrea",TRUE,FALSE,TRUE,4,4,0,"Y","N",TRUE
"Caesalpinia gilliesii","Caesalpinia gilliesii",TRUE,FALSE,TRUE,5,5,0,"Y","N",TRUE
"Cajanus acutifolius","Cajanus acutifolius",TRUE,FALSE,FALSE,1,1,0,"Y","N",TRUE
"Cajanus cajan","Cajanus cajan",TRUE,FALSE,FALSE,13,13,0,"Y","N",TRUE
"Cajanus scarabaeoides","Cajanus scarabaeoides",TRUE,FALSE,FALSE,8,8,0,"Y","N",TRUE
"Calliandra brevipes","Calliandra brevipes",TRUE,FALSE,FALSE,1,1,0,"Y","N",TRUE
"Calliandra eriophylla","Calliandra eriophylla",TRUE,FALSE,FALSE,1,1,0,"Y","N",TRUE
"Calliandra erubescens","Calliandra erubescens",TRUE,FALSE,FALSE,1,1,0,"Y","N",TRUE
"Calliandra haematocephala","Calliandra haematocephala",TRUE,FALSE,FALSE,1,0,0,"N","N",TRUE
"Calliandra parvifolia","Calliandra parvifolia",TRUE,FALSE,FALSE,1,1,1,"Y","Y",TRUE
"Calopogonium caeruleum","Calopogonium caeruleum",TRUE,FALSE,TRUE,1,1,0,"Y","N",TRUE
"Calpocalyx dinklagei","Calpocalyx dinklagei",TRUE,FALSE,FALSE,3,2,1,"Y","Y",TRUE
"Campsiandra comosa","Campsiandra comosa",TRUE,FALSE,FALSE,1,1,0,"Y","N",TRUE
"Canavalia cathartica","Canavalia cathartica",TRUE,FALSE,FALSE,1,1,0,"Y","N",TRUE
"Canavalia gladiata","Canavalia gladiata",TRUE,FALSE,TRUE,2,2,0,"Y","N",TRUE
"Canavalia lineata","Canavalia lineata",TRUE,FALSE,TRUE,3,3,0,"Y","N",TRUE
"Canavalia rosea","Canavalia rosea",TRUE,FALSE,TRUE,3,3,0,"Y","N",TRUE
"Caragana arborescens","Caragana arborescens",TRUE,FALSE,FALSE,4,4,0,"Y","N",TRUE
"Caragana arborescens","Caragana fruticosa",TRUE,FALSE,FALSE,4,4,0,"Y","N",FALSE
"Caragana korshinskii","Caragana korshinskii",TRUE,FALSE,FALSE,1,1,0,"Y","N",TRUE
"Caragana sinica","Caragana sinica",TRUE,FALSE,FALSE,1,1,0,"Y","N",TRUE
"Caragana turkestanica","Caragana turkestanica",TRUE,FALSE,FALSE,1,1,0,"Y","N",TRUE
"Carmichaelia petriei","Carmichaelia petriei",TRUE,FALSE,FALSE,1,1,0,"Y","N",TRUE
"Carmichaelia petriei","Carmichaelia virgata",TRUE,FALSE,FALSE,1,1,0,"Y","N",FALSE
"Cassia fistula","Cassia fistula",TRUE,FALSE,FALSE,11,9,2,"Y","Y",TRUE
"Cassia grandis","Cassia grandis",TRUE,FALSE,FALSE,3,3,0,"Y","N",TRUE
"Cassia roxburghii","Cassia roxburghii",TRUE,FALSE,FALSE,1,1,0,"Y","N",TRUE
"Castanospermum australe","Castanospermum australe",TRUE,FALSE,TRUE,1,1,0,"Y","N",TRUE
"Cedrelinga cateniformis","Cedrelinga cateniformis",TRUE,FALSE,FALSE,4,4,1,"Y","Y",TRUE
"Centrolobium robustum","Centrolobium robustum",TRUE,FALSE,FALSE,1,1,0,"Y","N",TRUE
"Centrolobium tomentosum","Centrolobium tomentosum",TRUE,FALSE,FALSE,5,5,0,"Y","N",TRUE
"Centrosema brasilianum","Centrosema brasilianum",TRUE,FALSE,FALSE,1,1,0,"Y","N",TRUE
"Centrosema pascuorum","Centrosema pascuorum",TRUE,FALSE,FALSE,1,1,0,"Y","N",TRUE
"Centrosema pubescens","Centrosema pubescens",TRUE,FALSE,FALSE,3,3,0,"Y","N",TRUE
"Centrosema venosum","Centrosema venosum",TRUE,FALSE,FALSE,2,2,0,"Y","N",TRUE
"Ceratonia siliqua","Ceratonia siliqua",TRUE,FALSE,FALSE,2,2,0,"Y","N",TRUE
"Cercis canadensis","Cercis canadensis",TRUE,FALSE,FALSE,1,0,1,"N","Y",TRUE
"Cercis siliquastrum","Cercis siliquastrum",TRUE,FALSE,FALSE,1,1,0,"Y","N",TRUE
"Chamaecrista absus","Chamaecrista absus",TRUE,FALSE,FALSE,5,5,0,"Y","N",TRUE
"Chamaecrista apoucouita","Chamaecrista apoucouita",TRUE,FALSE,FALSE,1,1,0,"Y","N",TRUE
"Chamaecrista chamaecristoides","Chamaecrista chamaecristoides",TRUE,FALSE,TRUE,1,1,0,"Y","N",TRUE
"Chamaecrista desvauxii","Chamaecrista desvauxii",TRUE,FALSE,TRUE,2,2,0,"Y","N",TRUE
"Chamaecrista nictitans","Chamaecrista nictitans",TRUE,FALSE,TRUE,1,1,0,"Y","N",TRUE
"Chamaecrista nomame","Chamaecrista nomame",TRUE,FALSE,FALSE,1,1,0,"Y","N",TRUE
"Chamaecrista pumila","Chamaecrista pumila",TRUE,FALSE,FALSE,1,0,0,"N","N",TRUE
"Chamaecrista ramosa","Chamaecrista ramosa",TRUE,FALSE,FALSE,1,1,0,"Y","N",TRUE
"Chamaecrista rotundifolia","Chamaecrista rotundifolia",TRUE,FALSE,FALSE,1,1,0,"Y","N",TRUE
"Chorizema cordatum","Chorizema cordatum",TRUE,FALSE,FALSE,1,0,1,"N","Y",TRUE
"Chorizema diversifolium","Chorizema diversifolium",TRUE,FALSE,FALSE,1,0,1,"N","Y",TRUE
"Cicer arietinum","Cicer arietinum",TRUE,FALSE,FALSE,6,6,0,"Y","N",TRUE
"Cladrastis sikokiana","Cladrastis sikokiana",TRUE,FALSE,FALSE,1,1,0,"Y","N",TRUE
"Clathrotropis macrocarpa","Clathrotropis macrocarpa",TRUE,FALSE,FALSE,1,1,0,"Y","N",TRUE
"Clitoria amazonum","Clitoria amazonum",TRUE,FALSE,FALSE,1,1,0,"Y","N",TRUE
"Clitoria fairchildiana","Clitoria fairchildiana",TRUE,FALSE,FALSE,4,4,0,"Y","N",TRUE
"Clitoria ternatea","Clitoria ternatea",TRUE,FALSE,FALSE,9,9,0,"Y","N",TRUE
"Codariocalyx motorius","Codariocalyx motorius",TRUE,FALSE,FALSE,1,0,0,"N","N",TRUE
"Colvillea racemosa","Colvillea racemosa",TRUE,FALSE,FALSE,1,1,0,"Y","N",TRUE
"Copaifera langsdorffii","Copaifera langsdorffii",TRUE,FALSE,FALSE,5,5,0,"Y","N",TRUE
"Copaifera officinalis","Copaifera officinalis",TRUE,FALSE,FALSE,1,1,0,"Y","N",TRUE
"Coronilla scorpioides","Coronilla scorpioides",TRUE,FALSE,FALSE,1,1,0,"Y","N",TRUE
"Coronilla scorpioides","Ornithopus compressus",TRUE,FALSE,FALSE,1,1,0,"Y","N",FALSE
"Crotalaria albida","Crotalaria albida",TRUE,FALSE,FALSE,2,2,0,"Y","N",TRUE
"Crotalaria angulata","Crotalaria angulata",TRUE,FALSE,FALSE,1,1,0,"Y","N",TRUE
"Crotalaria assamica","Crotalaria assamica",TRUE,FALSE,FALSE,1,1,0,"Y","N",TRUE
"Crotalaria brevis","Crotalaria brevis",TRUE,FALSE,FALSE,1,1,0,"Y","N",TRUE
"Crotalaria burhia","Crotalaria burhia",TRUE,FALSE,FALSE,4,4,0,"Y","N",TRUE
"Crotalaria incana","Crotalaria incana",TRUE,FALSE,TRUE,2,2,0,"Y","N",TRUE
"Crotalaria juncea","Crotalaria juncea",TRUE,FALSE,FALSE,6,5,0,"Y","N",TRUE
"Crotalaria laburnifolia","Crotalaria laburnifolia",TRUE,FALSE,FALSE,1,1,0,"Y","N",TRUE
"Crotalaria linifolia","Crotalaria linifolia",TRUE,FALSE,FALSE,1,1,0,"Y","N",TRUE
"Crotalaria linifolia","Crotalaria pallida",TRUE,FALSE,FALSE,1,1,0,"Y","N",FALSE
"Crotalaria linifolia","Crotalaria pumila",TRUE,FALSE,FALSE,1,1,0,"Y","N",FALSE
"Crotalaria medicaginea","Crotalaria medicaginea",TRUE,FALSE,FALSE,3,3,0,"Y","N",TRUE
"Crotalaria mysorensis","Crotalaria mysorensis",TRUE,FALSE,FALSE,2,2,0,"Y","N",TRUE
"Crotalaria nana","Crotalaria nana",TRUE,FALSE,FALSE,1,0,0,"N","N",TRUE
"Crotalaria ochroleuca","Crotalaria ochroleuca",TRUE,FALSE,FALSE,1,1,0,"Y","N",TRUE
"Crotalaria pallida","Crotalaria pallida",TRUE,FALSE,TRUE,2,2,0,"Y","N",TRUE
"Crotalaria prostrata","Crotalaria prostrata",TRUE,FALSE,FALSE,4,4,0,"Y","N",TRUE
"Crotalaria quinquefolia","Crotalaria anisophylla",TRUE,FALSE,FALSE,4,4,0,"Y","N",FALSE
"Crotalaria quinquefolia","Crotalaria quinquefolia",TRUE,FALSE,FALSE,4,4,0,"Y","N",TRUE
"Crotalaria retusa","Crotalaria retusa",TRUE,FALSE,FALSE,2,2,0,"Y","N",TRUE
"Crotalaria trichotoma","Crotalaria trichotoma",TRUE,FALSE,FALSE,1,1,0,"Y","N",TRUE
"Crotalaria verrucosa","Crotalaria verrucosa",TRUE,FALSE,FALSE,6,6,0,"Y","N",TRUE
"Crudia aromatica","Crudia aromatica",TRUE,FALSE,FALSE,1,1,0,"Y","N",TRUE
"Cullen corylifolium","Cullen corylifolium",TRUE,FALSE,FALSE,1,1,0,"Y","N",TRUE
"Cyamopsis tetragonoloba","Cyamopsis psoraloides",TRUE,FALSE,FALSE,1,0,0,"N","N",FALSE
"Cyamopsis tetragonoloba","Cyamopsis tetragonoloba",TRUE,FALSE,FALSE,1,0,0,"N","N",TRUE
"Cylicodiscus gabunensis","Cylicodiscus gabunensis",TRUE,FALSE,FALSE,1,1,0,"Y","N",TRUE
"Cynometra hankei","Cynometra hankei",TRUE,FALSE,FALSE,1,1,0,"Y","N",TRUE
"Cytisus austriacus","Cytisus austriacus",TRUE,FALSE,FALSE,1,1,0,"Y","N",TRUE
"Cytisus purpureus","Cytisus purpureus",TRUE,FALSE,FALSE,1,1,0,"Y","N",TRUE
"Cytisus scoparius","Cytisus scoparius",TRUE,FALSE,FALSE,4,3,0,"Y","N",TRUE
"Dalbergia assamica","Dalbergia assamica",TRUE,FALSE,FALSE,3,1,2,"Y","Y",TRUE
"Dalbergia assamica","Dalbergia balansae",TRUE,FALSE,FALSE,3,1,2,"Y","Y",FALSE
"Dalbergia horrida","Dalbergia horrida",TRUE,FALSE,FALSE,1,0,0,"N","N",TRUE
"Dalbergia hupeana","Dalbergia hupeana",TRUE,FALSE,FALSE,2,2,1,"Y","Y",TRUE
"Dalbergia inundata","Dalbergia inundata",TRUE,FALSE,FALSE,1,1,0,"Y","N",TRUE
"Dalbergia lanceolaria","Dalbergia lanceolaria",TRUE,FALSE,FALSE,1,0,0,"N","N",TRUE
"Dalbergia latifolia","Dalbergia latifolia",TRUE,FALSE,FALSE,3,3,0,"Y","N",TRUE
"Dalbergia maritima","Dalbergia maritima",TRUE,FALSE,FALSE,1,1,0,"Y","N",TRUE
"Dalbergia melanoxylon","Dalbergia melanoxylon",TRUE,FALSE,FALSE,4,4,0,"Y","N",TRUE
"Dalbergia nigra","Dalbergia nigra",TRUE,FALSE,FALSE,2,2,0,"Y","N",TRUE
"Dalbergia nitidula","Dalbergia nitidula",TRUE,FALSE,FALSE,2,2,0,"Y","N",TRUE
"Dalbergia obtusifolia","Dalbergia obtusifolia",TRUE,FALSE,FALSE,2,2,0,"Y","N",TRUE
"Dalbergia oliveri","Dalbergia oliveri",TRUE,FALSE,FALSE,4,4,0,"Y","N",TRUE
"Dalbergia sissoo","Dalbergia sissoo",TRUE,FALSE,FALSE,15,15,0,"Y","N",TRUE
"Dalea candida","Dalea candida",TRUE,FALSE,FALSE,1,1,0,"Y","N",TRUE
"Daviesia cordata","Daviesia cordata",TRUE,FALSE,FALSE,3,0,0,"N","N",TRUE
"Daviesia corymbosa","Daviesia corymbosa",TRUE,FALSE,FALSE,2,1,1,"Y","Y",TRUE
"Daviesia decurrens","Daviesia decurrens",TRUE,FALSE,FALSE,2,0,0,"N","N",TRUE
"Daviesia leptophylla","Daviesia leptophylla",TRUE,FALSE,FALSE,1,0,1,"N","Y",TRUE
"Dendrolobium triangulare","Dendrolobium triangulare",TRUE,FALSE,FALSE,1,1,0,"Y","N",TRUE
"Derris scandens","Derris scandens",TRUE,FALSE,FALSE,2,1,0,"Y","N",TRUE
"Derris trifoliata","Derris trifoliata",TRUE,FALSE,FALSE,7,4,0,"Y","N",TRUE
"Desmanthus illinoensis","Desmanthus illinoensis",TRUE,FALSE,FALSE,1,1,0,"Y","N",TRUE
"Desmanthus virgatus","Desmanthus virgatus",TRUE,FALSE,TRUE,1,1,0,"Y","N",TRUE
"Desmodium brownii","Desmodium brownii",TRUE,FALSE,FALSE,1,1,0,"Y","N",TRUE
"Desmodium dichotomum","Desmodium dichotomum",TRUE,FALSE,FALSE,2,1,0,"Y","N",TRUE
"Desmodium elegans","Desmodium elegans",TRUE,FALSE,FALSE,1,1,0,"Y","N",TRUE
"Desmodium gangeticum","Desmodium gangeticum",TRUE,FALSE,FALSE,4,3,0,"Y","N",TRUE
"Desmodium heterocarpon","Desmodium heterocarpon",TRUE,FALSE,FALSE,4,4,0,"Y","N",TRUE
"Desmodium heterophyllum","Desmodium heterophyllum",TRUE,FALSE,FALSE,1,1,0,"Y","N",TRUE
"Desmodium microphyllum","Desmodium microphyllum",TRUE,FALSE,FALSE,2,2,0,"Y","N",TRUE
"Desmodium multiflorum","Desmodium multiflorum",TRUE,FALSE,FALSE,1,1,0,"Y","N",TRUE
"Desmodium paniculatum","Desmodium paniculatum",TRUE,FALSE,FALSE,1,1,0,"Y","N",TRUE
"Desmodium renifolium","Desmodium renifolium",TRUE,FALSE,FALSE,1,1,0,"Y","N",TRUE
"Desmodium tortuosum","Desmodium tortuosum",TRUE,FALSE,FALSE,1,1,0,"Y","N",TRUE
"Desmodium trichostachyum","Desmodium trichostachyum",TRUE,FALSE,FALSE,1,1,0,"Y","N",TRUE
"Desmodium triflorum","Desmodium triflorum",TRUE,FALSE,FALSE,7,7,0,"Y","N",TRUE
"Desmodium zonatum","Desmodium zonatum",TRUE,FALSE,FALSE,1,1,0,"Y","N",TRUE
"Dialium guianense","Dialium guianense",TRUE,FALSE,FALSE,1,1,0,"Y","N",TRUE
"Dialium pachyphyllum","Dialium pachyphyllum",TRUE,FALSE,FALSE,3,3,0,"Y","N",TRUE
"Dicerma biarticulatum","Dicerma biarticulatum",TRUE,FALSE,FALSE,1,1,0,"Y","N",TRUE
"Dicorynia guianensis","Dicorynia guianensis",TRUE,FALSE,FALSE,5,5,0,"Y","N",TRUE
"Dicymbe altsonii","Dicymbe altsonii",TRUE,FALSE,FALSE,1,1,1,"Y","Y",TRUE
"Didelotia africana","Didelotia africana",TRUE,FALSE,FALSE,5,1,5,"Y","Y",TRUE
"Dillwynia cinerascens","Dillwynia cinerascens",TRUE,FALSE,FALSE,1,1,0,"Y","N",TRUE
"Dillwynia floribunda","Dillwynia floribunda",TRUE,FALSE,FALSE,1,0,1,"N","Y",TRUE
"Dillwynia hispida","Dillwynia hispida",TRUE,FALSE,FALSE,1,1,1,"Y","Y",TRUE
"Dillwynia juniperina","Dillwynia cinerascens",TRUE,FALSE,FALSE,1,0,1,"N","Y",FALSE
"Dillwynia juniperina","Dillwynia juniperina",TRUE,FALSE,FALSE,1,0,1,"N","Y",TRUE
"Dillwynia retorta","Dillwynia retorta",TRUE,FALSE,FALSE,2,1,1,"Y","Y",TRUE
"Dimorphandra mollis","Dimorphandra mollis",TRUE,FALSE,FALSE,1,0,0,"N","N",TRUE
"Dinizia excelsa","Dinizia excelsa",TRUE,FALSE,FALSE,1,1,0,"Y","N",TRUE
"Diplotropis purpurea","Diplotropis purpurea",TRUE,FALSE,FALSE,2,2,0,"Y","N",TRUE
"Dipteryx odorata","Dipteryx odorata",TRUE,FALSE,FALSE,3,3,0,"Y","N",TRUE
"Distemonanthus benthamianus","Distemonanthus benthamianus",TRUE,FALSE,FALSE,1,1,0,"Y","N",TRUE
"Dorycnium hirsutum","Dorycnium hirsutum",TRUE,FALSE,FALSE,1,0,0,"N","N",TRUE
"Dumasia truncata","Dumasia truncata",TRUE,FALSE,FALSE,1,1,0,"Y","N",TRUE
"Dunbaria villosa","Dunbaria villosa",TRUE,FALSE,FALSE,1,1,0,"Y","N",TRUE
"Entada abyssinica","Entada abyssinica",TRUE,FALSE,FALSE,1,1,0,"Y","N",TRUE
"Enterolobium contortisiliquum","Enterolobium contortisiliquum",TRUE,FALSE,TRUE,6,5,0,"Y","N",TRUE
"Enterolobium cyclocarpum","Enterolobium cyclocarpum",TRUE,FALSE,TRUE,2,2,0,"Y","N",TRUE
"Enterolobium schomburgkii","Enterolobium schomburgkii",TRUE,FALSE,TRUE,1,1,0,"Y","N",TRUE
"Eperua bijuga","Eperua bijuga",TRUE,FALSE,FALSE,1,1,0,"Y","N",TRUE
"Eperua falcata","Eperua falcata",TRUE,FALSE,FALSE,5,5,0,"Y","N",TRUE
"Eperua grandiflora","Eperua grandiflora",TRUE,FALSE,FALSE,3,3,0,"Y","N",TRUE
"Eremosparton songoricum","Eremosparton songoricum",TRUE,FALSE,FALSE,1,1,0,"Y","N",TRUE
"Erythrina berteroana","Erythrina berteroana",TRUE,FALSE,TRUE,1,1,0,"Y","N",TRUE
"Erythrina crista-galli","Erythrina crista-galli",TRUE,FALSE,TRUE,1,1,0,"Y","N",TRUE
"Erythrina crista-galli","Erythrina speciosa",TRUE,FALSE,TRUE,1,1,0,"Y","N",FALSE
"Erythrina fusca","Erythrina fusca",TRUE,FALSE,TRUE,2,2,0,"Y","N",TRUE
"Erythrina poeppigiana","Erythrina poeppigiana",TRUE,FALSE,TRUE,1,1,0,"Y","N",TRUE
"Erythrina variegata","Erythrina corallodendron",TRUE,FALSE,TRUE,4,3,0,"Y","N",FALSE
"Erythrina variegata","Erythrina variegata",TRUE,FALSE,TRUE,4,3,0,"Y","N",TRUE
"Erythrophleum africanum","Erythrophleum africanum",TRUE,FALSE,TRUE,3,3,0,"Y","N",TRUE
"Eutaxia microphylla","Eutaxia microphylla",TRUE,FALSE,FALSE,1,0,1,"N","Y",TRUE
"Faidherbia albida","Faidherbia albida",TRUE,FALSE,TRUE,5,5,0,"Y","N",TRUE
"Falcataria moluccana","Falcataria moluccana",TRUE,FALSE,FALSE,1,1,0,"Y","N",TRUE
"Flemingia macrophylla","Flemingia macrophylla",TRUE,FALSE,FALSE,2,2,0,"Y","N",TRUE
"Flemingia strobilifera","Flemingia strobilifera",TRUE,FALSE,FALSE,1,1,0,"Y","N",TRUE
"Galactia megalophylla","Galactia megalophylla",TRUE,FALSE,FALSE,2,2,0,"Y","N",TRUE
"Galactia tenuiflora","Galactia tenuiflora",TRUE,FALSE,FALSE,4,3,0,"Y","N",TRUE
"Galega orientalis","Galega orientalis",TRUE,FALSE,FALSE,3,1,0,"Y","N",TRUE
"Gastrolobium bilobum","Gastrolobium bilobum",TRUE,FALSE,FALSE,1,1,0,"Y","N",TRUE
"Genista tinctoria","Genista tinctoria",TRUE,FALSE,FALSE,8,7,0,"Y","N",TRUE
"Gleditsia amorphoides","Gleditsia amorphoides",TRUE,FALSE,FALSE,1,1,1,"Y","Y",TRUE
"Gleditsia fera","Gleditsia fera",TRUE,FALSE,FALSE,1,0,0,"N","N",TRUE
"Gleditsia triacanthos","Gleditsia triacanthos",TRUE,FALSE,FALSE,5,4,1,"Y","Y",TRUE
"Gliricidia sepium","Gliricidia sepium",TRUE,FALSE,FALSE,6,6,0,"Y","N",TRUE
"Glycine clandestina","Glycine clandestina",TRUE,FALSE,FALSE,1,1,0,"Y","N",TRUE
"Glycine max","Glycine max",TRUE,FALSE,FALSE,21,21,0,"Y","N",TRUE
"Glycine tomentella","Glycine tomentella",TRUE,FALSE,FALSE,1,1,0,"Y","N",TRUE
"Glycyrrhiza glabra","Glycyrrhiza echinata",TRUE,FALSE,FALSE,4,4,0,"Y","N",FALSE
"Glycyrrhiza glabra","Glycyrrhiza glabra",TRUE,FALSE,FALSE,4,4,0,"Y","N",TRUE
"Glycyrrhiza korshinskyi","Glycyrrhiza korshinskyi",TRUE,FALSE,FALSE,1,1,0,"Y","N",TRUE
"Glycyrrhiza lepidota","Glycyrrhiza lepidota",TRUE,FALSE,TRUE,1,1,0,"Y","N",TRUE
"Glycyrrhiza uralensis","Glycyrrhiza korshinskyi",TRUE,FALSE,FALSE,2,2,0,"Y","N",FALSE
"Glycyrrhiza uralensis","Glycyrrhiza uralensis",TRUE,FALSE,FALSE,2,2,0,"Y","N",TRUE
"Gompholobium grandiflorum","Gompholobium grandiflorum",TRUE,FALSE,FALSE,2,2,0,"Y","N",TRUE
"Gompholobium huegelii","Gompholobium huegelii",TRUE,FALSE,FALSE,1,0,1,"N","Y",TRUE
"Gompholobium huegelii","Gompholobium latifolium",TRUE,FALSE,FALSE,1,0,1,"N","Y",FALSE
"Gompholobium latifolium","Gompholobium latifolium",TRUE,FALSE,FALSE,2,0,2,"N","Y",TRUE
"Gompholobium marginatum","Gompholobium marginatum",TRUE,FALSE,FALSE,3,3,2,"Y","Y",TRUE
"Gompholobium subulatum","Gompholobium subulatum",TRUE,FALSE,FALSE,1,1,0,"Y","N",TRUE
"Gompholobium tomentosum","Gompholobium tomentosum",TRUE,FALSE,FALSE,2,2,1,"Y","Y",TRUE
"Gompholobium venustum","Gompholobium venustum",TRUE,FALSE,FALSE,4,3,2,"Y","Y",TRUE
"Gossweilerodendron balsamiferum","Gossweilerodendron balsamiferum",TRUE,FALSE,FALSE,2,2,0,"Y","N",TRUE
"Guibourtia coleosperma","Guibourtia coleosperma",TRUE,FALSE,FALSE,1,1,0,"Y","N",TRUE
"Gymnocladus dioica","Gymnocladus dioica",TRUE,FALSE,FALSE,1,1,0,"Y","N",TRUE
"Halimodendron halodendron","Halimodendron halodendron",TRUE,FALSE,FALSE,5,5,0,"Y","N",TRUE
"Hardenbergia comptoniana","Hardenbergia comptoniana",TRUE,FALSE,TRUE,2,2,0,"Y","N",TRUE
"Hardenbergia violacea","Hardenbergia violacea",TRUE,FALSE,FALSE,1,0,1,"N","Y",TRUE
"Havardia albicans","Havardia albicans",TRUE,FALSE,FALSE,1,1,0,"Y","N",TRUE
"Hedysarum alpinum","Hedysarum alpinum",TRUE,FALSE,FALSE,1,1,0,"Y","N",TRUE
"Hedysarum boreale","Hedysarum boreale",TRUE,FALSE,FALSE,1,1,0,"Y","N",TRUE
"Hedysarum caucasicum","Hedysarum caucasicum",TRUE,FALSE,FALSE,3,3,0,"Y","N",TRUE
"Hedysarum coronarium","Hedysarum coronarium",TRUE,FALSE,FALSE,1,1,0,"Y","N",TRUE
"Hedysarum spinosissimum","Hedysarum spinosissimum",TRUE,FALSE,FALSE,1,1,0,"Y","N",TRUE
"Hippocrepis comosa","Hippocrepis comosa",TRUE,FALSE,FALSE,2,2,0,"Y","N",TRUE
"Hippocrepis unisiliquosa","Hippocrepis unisiliquosa",TRUE,FALSE,TRUE,1,1,0,"Y","N",TRUE
"Hovea linearis","Hovea linearis",TRUE,FALSE,FALSE,1,1,0,"Y","N",TRUE
"Hovea trisperma","Hovea elliptica",TRUE,FALSE,FALSE,3,3,0,"Y","N",FALSE
"Hovea trisperma","Hovea trisperma",TRUE,FALSE,FALSE,3,3,0,"Y","N",TRUE
"Hylodesmum repandum","Desmodium trichocaulon",TRUE,FALSE,FALSE,3,3,0,"Y","N",FALSE
"Hylodesmum repandum","Hylodesmum repandum",TRUE,FALSE,FALSE,3,3,0,"Y","N",TRUE
"Hymenaea courbaril","Hymenaea courbaril",TRUE,FALSE,TRUE,12,10,0,"Y","N",TRUE
"Hymenaea stigonocarpa","Hymenaea stigonocarpa",TRUE,FALSE,TRUE,1,1,0,"Y","N",TRUE
"Hymenolobium flavum","Hymenolobium flavum",TRUE,FALSE,FALSE,1,1,0,"Y","N",TRUE
"Hymenostegia afzelii","Hymenostegia afzelii",TRUE,FALSE,FALSE,3,3,1,"Y","Y",TRUE
"Indigofera amblyantha","Indigofera amblyantha",TRUE,FALSE,FALSE,1,1,0,"Y","N",TRUE
"Indigofera argentea","Indigofera argentea",TRUE,FALSE,FALSE,4,4,0,"Y","N",TRUE
"Indigofera australis","Indigofera australis",TRUE,FALSE,FALSE,1,0,1,"N","Y",TRUE
"Indigofera brevidens","Indigofera brevidens",TRUE,FALSE,FALSE,1,1,0,"Y","N",TRUE
"Indigofera cordifolia","Indigofera cordifolia",TRUE,FALSE,FALSE,3,3,0,"Y","N",TRUE
"Indigofera glandulosa","Indigofera glandulosa",TRUE,FALSE,FALSE,1,1,0,"Y","N",TRUE
"Indigofera hirsuta","Indigofera angustifolia",TRUE,FALSE,FALSE,4,4,0,"Y","N",FALSE
"Indigofera hirsuta","Indigofera hirsuta",TRUE,FALSE,FALSE,4,4,0,"Y","N",TRUE
"Indigofera kirilowii","Indigofera kirilowii",TRUE,FALSE,FALSE,1,1,0,"Y","N",TRUE
"Indigofera linifolia","Indigofera linifolia",TRUE,FALSE,FALSE,4,3,0,"Y","N",TRUE
"Indigofera pseudotinctoria","Indigofera pseudotinctoria",TRUE,FALSE,FALSE,1,1,0,"Y","N",TRUE
"Indigofera tinctoria","Indigofera tinctoria",TRUE,FALSE,FALSE,2,2,0,"Y","N",TRUE
"Indigofera vicioides","Indigofera vicioides",TRUE,FALSE,FALSE,1,1,0,"Y","N",TRUE
"Inga acreana","Inga acreana",TRUE,FALSE,FALSE,1,1,0,"Y","N",TRUE
"Inga edulis","Inga edulis",TRUE,FALSE,TRUE,2,2,0,"Y","N",TRUE
"Inga edulis","Inga vera",TRUE,FALSE,TRUE,2,2,0,"Y","N",FALSE
"Inga laurina","Inga laurina",TRUE,FALSE,TRUE,2,2,0,"Y","N",TRUE
"Inga leiocalycina","Inga leiocalycina",TRUE,FALSE,FALSE,2,2,0,"Y","N",TRUE
"Inga nobilis","Inga nobilis",TRUE,FALSE,TRUE,1,1,0,"Y","N",TRUE
"Inga pezizifera","Inga pezizifera",TRUE,FALSE,TRUE,1,1,0,"Y","N",TRUE
"Inga sessilis","Inga sessilis",TRUE,FALSE,FALSE,2,2,0,"Y","N",TRUE
"Inga thibaudiana","Inga thibaudiana",TRUE,FALSE,FALSE,1,1,0,"Y","N",TRUE
"Inga vera","Inga vera",TRUE,FALSE,TRUE,1,1,0,"Y","N",TRUE
"Intsia palembanica","Intsia palembanica",TRUE,FALSE,FALSE,1,1,1,"Y","Y",TRUE
"Isoberlinia angolensis","Isoberlinia angolensis",TRUE,FALSE,FALSE,4,0,4,"N","Y",TRUE
"Jacksonia dilatata","Jacksonia dilatata",TRUE,FALSE,FALSE,3,3,3,"Y","Y",TRUE
"Jacksonia floribunda","Jacksonia floribunda",TRUE,FALSE,FALSE,4,4,2,"Y","Y",TRUE
"Jacksonia scoparia","Jacksonia scoparia",TRUE,FALSE,FALSE,1,0,1,"N","Y",TRUE
"Julbernardia globiflora","Julbernardia globiflora",TRUE,FALSE,FALSE,4,0,4,"N","Y",TRUE
"Julbernardia paniculata","Julbernardia paniculata",TRUE,FALSE,FALSE,5,0,5,"N","Y",TRUE
"Julbernardia paniculata","Thylacanthus ferrugineus",TRUE,FALSE,FALSE,5,0,5,"N","Y",FALSE
"Kennedia coccinea","Kennedia coccinea",TRUE,FALSE,FALSE,5,1,0,"Y","N",TRUE
"Kennedia prostrata","Kennedia prostrata",TRUE,FALSE,FALSE,3,3,0,"Y","N",TRUE
"Kennedia rubicunda","Kennedia rubicunda",TRUE,FALSE,FALSE,2,2,0,"Y","N",TRUE
"Koompassia malaccensis","Koompassia malaccensis",TRUE,FALSE,FALSE,1,0,0,"N","N",TRUE
"Kummerowia striata","Kummerowia striata",TRUE,FALSE,FALSE,5,5,0,"Y","N",TRUE
"Lablab purpureus","Lablab purpureus",TRUE,FALSE,FALSE,7,7,0,"Y","N",TRUE
"Laburnum anagyroides","Laburnum anagyroides",TRUE,FALSE,FALSE,1,1,0,"Y","N",TRUE
"Lathyrus japonicus","Lathyrus japonicus",TRUE,FALSE,FALSE,3,3,0,"Y","N",TRUE
"Lathyrus magellanicus","Lathyrus magellanicus",TRUE,FALSE,FALSE,1,1,0,"Y","N",TRUE
"Lathyrus niger","Lathyrus niger",TRUE,FALSE,FALSE,2,1,0,"Y","N",TRUE
"Lathyrus ochroleucus","Lathyrus ochroleucus",TRUE,FALSE,FALSE,1,1,0,"Y","N",TRUE
"Lathyrus odoratus","Lathyrus odoratus",TRUE,FALSE,FALSE,2,2,0,"Y","N",TRUE
"Lathyrus palustris","Lathyrus palustris",TRUE,FALSE,FALSE,2,2,0,"Y","N",TRUE
"Lathyrus pisiformis","Lathyrus pisiformis",TRUE,FALSE,FALSE,4,4,0,"Y","N",TRUE
"Lathyrus pratensis","Lathyrus pratensis",TRUE,FALSE,FALSE,25,23,0,"Y","N",TRUE
"Lathyrus sativus","Lathyrus sativus",TRUE,FALSE,FALSE,1,1,0,"Y","N",TRUE
"Lathyrus tuberosus","Lathyrus tuberosus",TRUE,FALSE,FALSE,1,1,0,"Y","N",TRUE
"Lathyrus vernus","Lathyrus vernus",TRUE,FALSE,FALSE,10,10,0,"Y","N",TRUE
"Lens culinaris","Lens culinaris",TRUE,FALSE,FALSE,2,2,0,"Y","N",TRUE
"Lespedeza bicolor","Lespedeza bicolor",TRUE,FALSE,FALSE,1,1,0,"Y","N",TRUE
"Lespedeza buergeri","Lespedeza buergeri",TRUE,FALSE,FALSE,1,1,0,"Y","N",TRUE
"Lespedeza capitata","Lespedeza capitata",TRUE,FALSE,FALSE,1,1,0,"Y","N",TRUE
"Lespedeza cyrtobotrya","Lespedeza cyrtobotrya",TRUE,FALSE,FALSE,1,1,0,"Y","N",TRUE
"Lespedeza cyrtobotrya","Lespedeza virgata",TRUE,FALSE,FALSE,2,2,0,"Y","N",FALSE
"Lespedeza juncea","Lespedeza juncea",TRUE,FALSE,FALSE,4,4,0,"Y","N",TRUE
"Lespedeza thunbergii","Lespedeza thunbergii",TRUE,FALSE,FALSE,1,1,1,"Y","Y",TRUE
"Leucaena leucocephala","Leucaena leucocephala",TRUE,FALSE,TRUE,14,14,0,"Y","N",TRUE
"Lonchocarpus campestris","Lonchocarpus campestris",TRUE,FALSE,FALSE,2,2,0,"Y","N",TRUE
"Lonchocarpus muehlbergianus","Lonchocarpus muehlbergianus",TRUE,FALSE,FALSE,4,3,0,"Y","N",TRUE
"Lonchocarpus nitidus","Lonchocarpus nitidus",TRUE,FALSE,FALSE,2,1,2,"Y","Y",TRUE
"Lotononis involucrata","Lotononis involucrata",TRUE,FALSE,FALSE,1,0,0,"N","N",TRUE
"Lotus corniculatus","Lotus corniculatus",TRUE,FALSE,FALSE,24,22,0,"Y","N",TRUE
"Lotus glaber","Lotus glaber",TRUE,FALSE,FALSE,1,1,0,"Y","N",TRUE
"Lotus halophilus","Lotus halophilus",TRUE,FALSE,FALSE,1,1,0,"Y","N",TRUE
"Lotus ornithopodioides","Lotus ornithopodioides",TRUE,FALSE,FALSE,1,0,0,"N","N",TRUE
"Lotus pedunculatus","Lotus pedunculatus",TRUE,FALSE,FALSE,1,1,0,"Y","N",TRUE
"Lotus tenuis","Lotus glaber",TRUE,FALSE,FALSE,2,2,0,"Y","N",FALSE
"Lotus tenuis","Lotus tenuis",TRUE,FALSE,FALSE,2,2,0,"Y","N",TRUE
"Lupinus arcticus","Lupinus arcticus",TRUE,FALSE,FALSE,1,0,0,"N","N",TRUE
"Lupinus argenteus","Lupinus argenteus",TRUE,FALSE,FALSE,2,1,0,"Y","N",TRUE
"Lupinus luteus","Lupinus luteus",TRUE,FALSE,FALSE,1,1,0,"Y","N",TRUE
"Lupinus mutabilis","Lupinus mutabilis",TRUE,FALSE,FALSE,1,1,0,"Y","N",TRUE
"Lupinus polyphyllus","Lupinus polyphyllus",TRUE,FALSE,FALSE,2,1,0,"Y","N",TRUE
"Lysiloma latisiliquum","Lysiloma latisiliquum",TRUE,FALSE,FALSE,2,2,0,"Y","N",TRUE
"Maackia amurensis","Maackia amurensis",TRUE,FALSE,FALSE,5,3,0,"Y","N",TRUE
"Machaerium nyctitans","Machaerium nyctitans",TRUE,FALSE,FALSE,1,1,0,"Y","N",TRUE
"Machaerium stipitatum","Machaerium stipitatum",TRUE,FALSE,FALSE,4,4,0,"Y","N",TRUE
"Macrolobium acaciifolium","Macrolobium acaciifolium",TRUE,TRUE,FALSE,4,3,1,"Y","Y",TRUE
"Macrolobium bifolium","Macrolobium bifolium",TRUE,FALSE,FALSE,2,2,0,"Y","N",TRUE
"Macrolobium limbatum","Macrolobium limbatum",TRUE,FALSE,FALSE,1,0,1,"N","Y",TRUE
"Macrolobium suaveolens","Macrolobium suaveolens",TRUE,FALSE,FALSE,1,1,0,"Y","N",TRUE
"Macroptilium atropurpureum","Macroptilium atropurpureum",TRUE,FALSE,FALSE,3,3,0,"Y","N",TRUE
"Macroptilium lathyroides","Macroptilium lathyroides",TRUE,FALSE,FALSE,1,1,0,"Y","N",TRUE
"Macrotyloma uniflorum","Macrotyloma uniflorum",TRUE,FALSE,FALSE,1,1,0,"Y","N",TRUE
"Medicago falcata","Medicago falcata",TRUE,FALSE,FALSE,6,6,0,"Y","N",TRUE
"Medicago littoralis","Medicago littoralis",TRUE,FALSE,FALSE,1,1,0,"Y","N",TRUE
"Medicago lupulina","Medicago lupulina",TRUE,FALSE,FALSE,8,8,0,"Y","N",TRUE
"Medicago marina","Medicago marina",TRUE,FALSE,FALSE,3,2,0,"Y","N",TRUE
"Medicago medicaginoides","Medicago medicaginoides",TRUE,FALSE,FALSE,5,5,0,"Y","N",TRUE
"Medicago minima","Medicago meyeri",TRUE,FALSE,FALSE,6,5,0,"Y","N",FALSE
"Medicago minima","Medicago minima",TRUE,FALSE,FALSE,6,5,0,"Y","N",TRUE
"Medicago polymorpha","Medicago polymorpha",TRUE,FALSE,FALSE,6,6,0,"Y","N",TRUE
"Medicago sativa","Medicago sativa",TRUE,FALSE,FALSE,19,19,0,"Y","N",TRUE
"Melilotus albus","Melilotus albus",TRUE,FALSE,FALSE,8,8,0,"Y","N",TRUE
"Melilotus dentatus","Melilotus dentatus",TRUE,FALSE,FALSE,1,1,0,"Y","N",TRUE
"Melilotus indicus","Melilotus indicus",TRUE,FALSE,FALSE,3,3,0,"Y","N",TRUE
"Melilotus officinalis","Melilotus officinalis",TRUE,FALSE,FALSE,8,8,0,"Y","N",TRUE
"Melilotus suaveolens","Melilotus suaveolens",TRUE,FALSE,FALSE,1,1,0,"Y","N",TRUE
"Microberlinia bisulcata","Microberlinia bisulcata",TRUE,FALSE,FALSE,7,0,7,"N","Y",TRUE
"Millettia dielsiana","Millettia dielsiana",TRUE,FALSE,FALSE,1,1,0,"Y","N",TRUE
"Millettia laurentii","Millettia laurentii",TRUE,FALSE,FALSE,1,1,0,"Y","N",TRUE
"Mimosa bimucronata","Mimosa bimucronata",TRUE,FALSE,FALSE,1,1,0,"Y","N",TRUE
"Mimosa borealis","Mimosa borealis",TRUE,FALSE,FALSE,1,1,0,"Y","N",TRUE
"Mimosa lacerata","Mimosa lacerata",TRUE,FALSE,FALSE,1,1,0,"Y","N",TRUE
"Mimosa luisana","Mimosa luisana",TRUE,FALSE,FALSE,1,1,0,"Y","N",TRUE
"Mimosa polyantha","Mimosa polyantha",TRUE,FALSE,FALSE,1,1,0,"Y","N",TRUE
"Mimosa pudica","Mimosa pudica",TRUE,FALSE,FALSE,18,18,0,"Y","N",TRUE
"Mimosa quadrivalvis","Mimosa quadrivalvis",TRUE,FALSE,FALSE,1,1,0,"Y","N",TRUE
"Mimosa scabrella","Mimosa scabrella",TRUE,FALSE,FALSE,3,3,0,"Y","N",TRUE
"Mirbelia dilatata","Mirbelia dilatata",TRUE,FALSE,FALSE,5,4,4,"Y","Y",TRUE
"Mora excelsa","Mora excelsa",TRUE,FALSE,FALSE,3,3,0,"Y","N",TRUE
"Mora paraensis","Mora paraensis",TRUE,FALSE,FALSE,1,1,0,"Y","N",TRUE
"Mucuna sempervirens","Mucuna sempervirens",TRUE,FALSE,FALSE,1,1,0,"Y","N",TRUE
"Mundulea sericea","Dalbergia sericea",TRUE,FALSE,FALSE,1,1,0,"Y","N",FALSE
"Mundulea sericea","Mundulea sericea",TRUE,FALSE,FALSE,1,1,0,"Y","N",TRUE
"Myroxylon peruiferum","Myroxylon peruiferum",TRUE,FALSE,FALSE,2,2,0,"Y","N",TRUE
"Neptunia oleracea","Neptunia oleracea",TRUE,FALSE,FALSE,2,0,0,"N","N",TRUE
"Ohwia caudata","Ohwia caudata",TRUE,FALSE,FALSE,1,1,0,"Y","N",TRUE
"Olneya tesota","Olneya tesota",TRUE,FALSE,FALSE,2,2,0,"Y","N",TRUE
"Onobrychis arenaria","Onobrychis arenaria",TRUE,FALSE,FALSE,2,2,0,"Y","N",TRUE
"Onobrychis biebersteinii","Onobrychis biebersteinii",TRUE,FALSE,FALSE,2,1,0,"Y","N",TRUE
"Onobrychis grandis","Onobrychis grandis",TRUE,FALSE,FALSE,1,1,0,"Y","N",TRUE
"Onobrychis viciifolia","Onobrychis viciifolia",TRUE,FALSE,FALSE,4,4,0,"Y","N",TRUE
"Ononis reclinata","Ononis reclinata",TRUE,FALSE,FALSE,1,0,0,"N","N",TRUE
"Ononis serrata","Ononis serrata",TRUE,FALSE,FALSE,2,2,0,"Y","N",TRUE
"Ononis spinosa","Ononis spinosa",TRUE,FALSE,FALSE,2,2,0,"Y","N",TRUE
"Ormocarpum kirkii","Ormocarpum kirkii",TRUE,FALSE,FALSE,1,1,0,"Y","N",TRUE
"Ormosia arborea","Ormosia arborea",TRUE,FALSE,FALSE,5,2,0,"Y","N",TRUE
"Ormosia coccinea","Ormosia coccinea",TRUE,FALSE,FALSE,1,1,0,"Y","N",TRUE
"Ormosia krugii","Ormosia krugii",TRUE,FALSE,FALSE,1,1,0,"Y","N",TRUE
"Ormosia semicastrata","Ormosia semicastrata",TRUE,FALSE,FALSE,1,1,0,"Y","N",TRUE
"Ornithopus sativus","Ornithopus sativus",TRUE,FALSE,FALSE,1,1,0,"Y","N",TRUE
"Orophaca caespitosa","Orophaca caespitosa",TRUE,FALSE,FALSE,1,1,0,"Y","N",TRUE
"Otholobium fruticans","Otholobium fruticans",TRUE,FALSE,FALSE,2,2,0,"Y","N",TRUE
"Otholobium hirtum","Otholobium hirtum",TRUE,FALSE,FALSE,2,2,0,"Y","N",TRUE
"Oxylobium ellipticum","Oxylobium ellipticum",TRUE,FALSE,FALSE,1,0,1,"N","Y",TRUE
"Oxytropis campestris","Oxytropis campestris",TRUE,FALSE,FALSE,3,3,0,"Y","N",TRUE
"Oxytropis kubanensis","Oxytropis kubanensis",TRUE,FALSE,FALSE,3,3,0,"Y","N",TRUE
"Oxytropis scammaniana","Oxytropis scammaniana",TRUE,FALSE,FALSE,1,1,0,"Y","N",TRUE
"Oxytropis sericea","Oxytropis sericea",TRUE,FALSE,FALSE,1,0,0,"N","N",TRUE
"Oxytropis splendens","Oxytropis splendens",TRUE,FALSE,FALSE,1,1,0,"Y","N",TRUE
"Oxytropis viscida","Oxytropis viscida",TRUE,FALSE,FALSE,1,1,0,"Y","N",TRUE
"Pachyrhizus erosus","Pachyrhizus erosus",TRUE,FALSE,FALSE,1,1,0,"Y","N",TRUE
"Pachyrhizus tuberosus","Pachyrhizus tuberosus",TRUE,FALSE,FALSE,1,1,0,"Y","N",TRUE
"Parapiptadenia rigida","Parapiptadenia rigida",TRUE,FALSE,FALSE,5,5,0,"Y","N",TRUE
"Parkia nitida","Parkia nitida",TRUE,FALSE,TRUE,1,1,0,"Y","N",TRUE
"Parkia pendula","Parkia pendula",TRUE,FALSE,TRUE,2,2,0,"Y","N",TRUE
"Parkia speciosa","Parkia speciosa",TRUE,FALSE,FALSE,1,1,0,"Y","N",TRUE
"Parkia velutina","Parkia velutina",TRUE,FALSE,FALSE,1,0,1,"N","Y",TRUE
"Parkinsonia aculeata","Parkinsonia aculeata",TRUE,FALSE,FALSE,4,4,0,"Y","N",TRUE
"Peltogyne paniculata","Peltogyne paniculata",TRUE,FALSE,FALSE,2,2,0,"Y","N",TRUE
"Peltogyne venosa","Peltogyne venosa",TRUE,FALSE,FALSE,1,1,0,"Y","N",TRUE
"Peltophorum dubium","Peltophorum dubium",TRUE,FALSE,FALSE,7,2,0,"Y","N",TRUE
"Peltophorum pterocarpum","Peltophorum pterocarpum",TRUE,FALSE,FALSE,5,3,0,"Y","N",TRUE
"Pentaclethra macroloba","Pentaclethra macroloba",TRUE,FALSE,TRUE,4,4,0,"Y","N",TRUE
"Pericopsis angolensis","Pericopsis angolensis",TRUE,FALSE,FALSE,4,2,2,"Y","Y",TRUE
"Pericopsis elata","Pericopsis elata",TRUE,FALSE,FALSE,1,1,0,"Y","N",TRUE
"Phaseolus lunatus","Phaseolus lunatus",TRUE,FALSE,TRUE,1,1,0,"Y","N",TRUE
"Phaseolus vulgaris","Phaseolus vulgaris",TRUE,FALSE,TRUE,6,6,0,"Y","N",TRUE
"Piliostigma malabaricum","Bauhinia malabarica",TRUE,FALSE,FALSE,1,1,1,"Y","Y",FALSE
"Piliostigma malabaricum","Piliostigma malabaricum",TRUE,FALSE,FALSE,1,1,1,"Y","Y",TRUE
"Piptadenia gonoacantha","Piptadenia gonoacantha",TRUE,FALSE,TRUE,1,1,0,"Y","N",TRUE
"Pisum sativum","Pisum sativum",TRUE,FALSE,FALSE,6,6,0,"Y","N",TRUE
"Pithecellobium dulce","Pithecellobium dulce",TRUE,FALSE,FALSE,5,4,0,"Y","N",TRUE
"Plathymenia foliolosa","Plathymenia foliolosa",TRUE,FALSE,FALSE,2,2,0,"Y","N",TRUE
"Platycyamus regnellii","Platycyamus regnellii",TRUE,FALSE,FALSE,3,2,0,"Y","N",TRUE
"Platylobium formosum","Platylobium formosum",TRUE,FALSE,FALSE,1,0,1,"N","Y",TRUE
"Platylobium obtusangulum","Platylobium obtusangulum",TRUE,FALSE,FALSE,3,2,1,"Y","Y",TRUE
"Platymiscium trinitatis","Platymiscium trinitatis",TRUE,TRUE,FALSE,1,1,0,"Y","N",TRUE
"Platypodium elegans","Platypodium elegans",TRUE,FALSE,FALSE,3,2,0,"Y","N",TRUE
"Podalyria calyptrata","Podalyria calyptrata",TRUE,FALSE,FALSE,1,1,0,"Y","N",TRUE
"Podalyria sericea","Podalyria sericea",TRUE,FALSE,FALSE,2,2,0,"Y","N",TRUE
"Poecilanthe parviflora","Poecilanthe parviflora",TRUE,FALSE,FALSE,3,3,0,"Y","N",TRUE
"Pongamia pinnata","Pongamia pinnata",TRUE,FALSE,FALSE,12,11,0,"Y","N",TRUE
"Prosopis alba","Prosopis alba",TRUE,FALSE,FALSE,2,2,0,"Y","N",TRUE
"Prosopis articulata","Prosopis articulata",TRUE,FALSE,FALSE,2,2,0,"Y","N",TRUE
"Prosopis chilensis","Prosopis chilensis",TRUE,FALSE,FALSE,4,4,0,"Y","N",TRUE
"Prosopis cineraria","Prosopis cineraria",TRUE,FALSE,FALSE,6,4,0,"Y","N",TRUE
"Prosopis glandulosa","Prosopis glandulosa",TRUE,FALSE,FALSE,1,1,0,"Y","N",TRUE
"Prosopis juliflora","Prosopis juliflora",TRUE,FALSE,TRUE,12,11,0,"Y","N",TRUE
"Prosopis laevigata","Prosopis laevigata",TRUE,FALSE,FALSE,1,1,0,"Y","N",TRUE
"Prosopis nigra","Prosopis nigra",TRUE,FALSE,FALSE,2,2,0,"Y","N",TRUE
"Prosopis pallida","Prosopis pallida",TRUE,FALSE,TRUE,1,1,0,"Y","N",TRUE
"Pseudarthria viscida","Pseudarthria viscida",TRUE,FALSE,FALSE,2,1,0,"Y","N",TRUE
"Psophocarpus tetragonolobus","Psophocarpus tetragonolobus",TRUE,FALSE,FALSE,1,1,0,"Y","N",TRUE
"Psoralea pinnata","Psoralea pinnata",TRUE,FALSE,FALSE,3,3,0,"Y","N",TRUE
"Psorothamnus schottii","Psorothamnus schottii",TRUE,FALSE,FALSE,1,1,0,"Y","N",TRUE
"Psorothamnus spinosus","Psorothamnus spinosus",TRUE,FALSE,FALSE,2,2,0,"Y","N",TRUE
"Pterocarpus amazonum","Pterocarpus amazonum",TRUE,TRUE,FALSE,2,2,0,"Y","N",TRUE
"Pterocarpus angolensis","Pterocarpus angolensis",TRUE,FALSE,FALSE,3,3,0,"Y","N",TRUE
"Pterocarpus antunesii","Pterocarpus antunesii",TRUE,FALSE,FALSE,1,1,0,"Y","N",TRUE
"Pterocarpus macrocarpus","Pterocarpus macrocarpus",TRUE,FALSE,FALSE,4,4,0,"Y","N",TRUE
"Pterocarpus officinalis","Pterocarpus officinalis",TRUE,FALSE,FALSE,1,1,0,"Y","N",TRUE
"Pterocarpus rohrii","Pterocarpus rohrii",TRUE,FALSE,FALSE,1,1,0,"Y","N",TRUE
"Pterocarpus rotundifolius","Pterocarpus rotundifolius",TRUE,FALSE,FALSE,1,1,0,"Y","N",TRUE
"Pterocarpus santalinus","Pterocarpus santalinus",TRUE,FALSE,FALSE,1,1,0,"Y","N",TRUE
"Pterocarpus soyauxii","Pterocarpus soyauxii",TRUE,FALSE,FALSE,1,1,0,"Y","N",TRUE
"Pterodon emarginatus","Pterodon emarginatus",TRUE,FALSE,FALSE,1,1,0,"Y","N",TRUE
"Pterogyne nitens","Pterogyne nitens",TRUE,FALSE,FALSE,3,3,0,"Y","N",TRUE
"Pueraria phaseoloides","Pueraria phaseoloides",TRUE,FALSE,FALSE,2,2,0,"Y","N",TRUE
"Pultenaea daphnoides","Pultenaea daphnoides",TRUE,FALSE,FALSE,3,2,1,"Y","Y",TRUE
"Pultenaea elliptica","Pultenaea elliptica",TRUE,FALSE,FALSE,1,1,1,"Y","Y",TRUE
"Pultenaea scabra","Pultenaea scabra",TRUE,FALSE,FALSE,1,0,1,"N","Y",TRUE
"Pycnospora lutescens","Pycnospora lutescens",TRUE,FALSE,FALSE,1,1,0,"Y","N",TRUE
"Rafnia angulata","Rafnia angulata",TRUE,FALSE,FALSE,1,1,0,"Y","N",TRUE
"Retama sphaerocarpa","Retama sphaerocarpa",TRUE,FALSE,FALSE,4,4,0,"Y","N",TRUE
"Rhynchosia minima","Rhynchosia minima",TRUE,FALSE,TRUE,3,1,0,"Y","N",TRUE
"Rhynchosia rufescens","Rhynchosia rufescens",TRUE,FALSE,FALSE,1,1,0,"Y","N",TRUE
"Rhynchosia volubilis","Rhynchosia volubilis",TRUE,FALSE,FALSE,1,1,0,"Y","N",TRUE
"Robinia hispida","Robinia hispida",TRUE,FALSE,FALSE,2,2,0,"Y","N",TRUE
"Robinia pseudoacacia","Robinia pseudoacacia",TRUE,FALSE,FALSE,25,20,4,"Y","Y",TRUE
"Rothia indica","Rothia indica",TRUE,FALSE,FALSE,2,1,0,"Y","N",TRUE
"Saraca asoca","Saraca asoca",TRUE,FALSE,FALSE,2,2,0,"Y","N",TRUE
"Schizolobium parahyba","Schizolobium parahyba",TRUE,FALSE,FALSE,2,2,0,"Y","N",TRUE
"Sclerolobium melinonii","Sclerolobium melinonii",TRUE,FALSE,FALSE,1,1,0,"Y","N",TRUE
"Sclerolobium rugosum","Sclerolobium rugosum",TRUE,FALSE,FALSE,1,1,0,"Y","N",TRUE
"Scorodophloeus zenkeri","Scorodophloeus zenkeri",TRUE,FALSE,FALSE,2,2,0,"Y","N",TRUE
"Scorpiurus muricatus","Scorpiurus muricatus",TRUE,FALSE,FALSE,1,1,0,"Y","N",TRUE
"Securigera orientalis","Securigera orientalis",TRUE,FALSE,FALSE,1,1,0,"Y","N",TRUE
"Securigera securidaca","Securigera securidaca",TRUE,FALSE,FALSE,1,1,0,"Y","N",TRUE
"Securigera varia","Securigera varia",TRUE,FALSE,FALSE,6,4,0,"Y","N",TRUE
"Senna aphylla","Senna aphylla",TRUE,FALSE,TRUE,3,3,0,"Y","N",TRUE
"Senna auriculata","Senna auriculata",TRUE,FALSE,FALSE,2,2,0,"Y","N",TRUE
"Senna corymbosa","Senna corymbosa",TRUE,FALSE,TRUE,1,1,0,"Y","N",TRUE
"Senna italica","Senna italica",TRUE,FALSE,FALSE,2,1,0,"Y","N",TRUE
"Senna multijuga","Senna multijuga",TRUE,FALSE,TRUE,2,2,0,"Y","N",TRUE
"Senna obtusifolia","Senna obtusifolia",TRUE,FALSE,TRUE,4,4,0,"Y","N",TRUE
"Senna occidentalis","Senna occidentalis",TRUE,FALSE,TRUE,1,1,0,"Y","N",TRUE
"Senna reticulata","Senna reticulata",TRUE,FALSE,FALSE,1,1,0,"Y","N",TRUE
"Senna silvestris","Senna silvestris",TRUE,FALSE,FALSE,1,1,0,"Y","N",TRUE
"Senna singueana","Senna singueana",TRUE,FALSE,FALSE,1,1,0,"Y","N",TRUE
"Senna spectabilis","Senna spectabilis",TRUE,FALSE,FALSE,5,5,0,"Y","N",TRUE
"Senna surattensis","Senna surattensis",TRUE,FALSE,TRUE,3,3,0,"Y","N",TRUE
"Senna uniflora","Senna uniflora",TRUE,FALSE,TRUE,1,1,0,"Y","N",TRUE
"Sesbania bispinosa","Sesbania bispinosa",TRUE,FALSE,FALSE,2,2,0,"Y","N",TRUE
"Sesbania cannabina","Sesbania cannabina",TRUE,FALSE,FALSE,1,1,0,"Y","N",TRUE
"Sesbania grandiflora","Sesbania grandiflora",TRUE,FALSE,FALSE,3,2,0,"Y","N",TRUE
"Sesbania leptocarpa","Sesbania leptocarpa",TRUE,FALSE,FALSE,1,1,0,"Y","N",TRUE
"Sesbania punicea","Sesbania punicea",TRUE,FALSE,FALSE,1,1,0,"Y","N",TRUE
"Sesbania sesban","Sesbania sesban",TRUE,FALSE,FALSE,3,2,0,"Y","N",TRUE
"Sesbania tomentosa","Sesbania tomentosa",TRUE,FALSE,FALSE,3,3,0,"Y","N",TRUE
"Sindora siamensis","Sindora siamensis",TRUE,FALSE,FALSE,3,3,0,"Y","N",TRUE
"Smithia bigemina","Smithia bigemina",TRUE,FALSE,FALSE,1,0,0,"N","N",TRUE
"Smithia sensitiva","Smithia sensitiva",TRUE,FALSE,FALSE,1,1,0,"Y","N",TRUE
"Sophora alopecuroides","Sophora alopecuroides",TRUE,FALSE,FALSE,1,1,0,"Y","N",TRUE
"Sophora chrysophylla","Sophora chrysophylla",TRUE,FALSE,FALSE,2,2,0,"Y","N",TRUE
"Sophora davidii","Sophora davidii",TRUE,FALSE,FALSE,2,2,0,"Y","N",TRUE
"Sophora mollis","Sophora mollis",TRUE,FALSE,FALSE,1,1,0,"Y","N",TRUE
"Spartium junceum","Genista hispanica",TRUE,FALSE,FALSE,2,2,0,"Y","N",FALSE
"Spartium junceum","Spartium junceum",TRUE,FALSE,FALSE,2,2,0,"Y","N",TRUE
"Sphaerophysa salsula","Sphaerophysa salsula",TRUE,FALSE,FALSE,1,1,0,"Y","N",TRUE
"Strophostyles umbellata","Strophostyles umbellata",TRUE,FALSE,FALSE,1,1,0,"Y","N",TRUE
"Stryphnodendron guianense","Stryphnodendron guianense",TRUE,FALSE,FALSE,1,1,0,"Y","N",TRUE
"Stryphnodendron microstachyum","Stryphnodendron microstachyum",TRUE,FALSE,TRUE,2,2,0,"Y","N",TRUE
"Stylosanthes capitata","Stylosanthes bahiensis",TRUE,FALSE,FALSE,1,1,0,"Y","N",FALSE
"Stylosanthes capitata","Stylosanthes capitata",TRUE,FALSE,FALSE,1,1,0,"Y","N",TRUE
"Stylosanthes fruticosa","Stylosanthes fruticosa",TRUE,FALSE,FALSE,1,1,0,"Y","N",TRUE
"Stylosanthes guianensis","Stylosanthes guianensis",TRUE,FALSE,FALSE,3,3,0,"Y","N",TRUE
"Stylosanthes hamata","Stylosanthes hamata",TRUE,FALSE,FALSE,2,2,0,"Y","N",TRUE
"Stylosanthes hamata","Stylosanthes humilis",TRUE,FALSE,FALSE,2,2,0,"Y","N",FALSE
"Stylosanthes humilis","Stylosanthes humilis",TRUE,FALSE,FALSE,3,3,0,"Y","N",TRUE
"Stylosanthes subsericea","Stylosanthes subsericea",TRUE,FALSE,FALSE,1,1,0,"Y","N",TRUE
"Styphnolobium japonicum","Anagyris foetida",TRUE,FALSE,FALSE,1,1,0,"Y","N",FALSE
"Styphnolobium japonicum","Styphnolobium japonicum",TRUE,FALSE,FALSE,1,1,0,"Y","N",TRUE
"Swainsona phacoides","Swainsona phacoides",TRUE,FALSE,FALSE,1,1,0,"Y","N",TRUE
"Swartzia jenmanii","Swartzia jenmanii",TRUE,FALSE,FALSE,1,1,0,"Y","N",TRUE
"Swartzia laevicarpa","Swartzia laevicarpa",TRUE,FALSE,FALSE,1,1,0,"Y","N",TRUE
"Swartzia langsdorffii","Swartzia langsdorffii",TRUE,FALSE,FALSE,1,0,0,"N","N",TRUE
"Swartzia polyphylla","Swartzia polyphylla",TRUE,FALSE,FALSE,1,1,0,"Y","N",TRUE
"Tachigali paniculata","Tachigali paniculata",TRUE,TRUE,FALSE,1,1,0,"Y","N",TRUE
"Tachigali paniculata","Tachigali rusbyi",TRUE,TRUE,FALSE,1,1,0,"Y","N",FALSE
"Tadehagi triquetrum","Tadehagi triquetrum",TRUE,FALSE,FALSE,1,1,0,"Y","N",TRUE
"Tamarindus indica","Tamarindus indica",TRUE,FALSE,FALSE,15,13,0,"Y","N",TRUE
"Tephrosia hookeriana","Tephrosia hookeriana",TRUE,FALSE,FALSE,3,3,0,"Y","N",TRUE
"Tephrosia pumila","Tephrosia pumila",TRUE,FALSE,FALSE,1,1,0,"Y","N",TRUE
"Tephrosia purpurea","Tephrosia purpurea",TRUE,FALSE,FALSE,15,14,0,"Y","N",TRUE
"Tephrosia remotiflora","Tephrosia remotiflora",TRUE,FALSE,FALSE,1,1,0,"Y","N",TRUE
"Tephrosia sphaerospora","Tephrosia sphaerospora",TRUE,FALSE,FALSE,1,1,0,"Y","N",TRUE
"Tephrosia villosa","Tephrosia villosa",TRUE,FALSE,FALSE,1,1,0,"Y","N",TRUE
"Tephrosia virginiana","Tephrosia virginiana",TRUE,FALSE,FALSE,2,2,0,"Y","N",TRUE
"Teramnus labialis","Teramnus labialis",TRUE,FALSE,FALSE,3,2,0,"Y","N",TRUE
"Tetraberlinia bifoliolata","Tetraberlinia bifoliolata",TRUE,FALSE,FALSE,5,1,5,"Y","Y",TRUE
"Tetraberlinia moreliana","Tetraberlinia moreliana",TRUE,FALSE,FALSE,3,0,3,"N","Y",TRUE
"Thermopsis lanceolata","Thermopsis lanceolata",TRUE,FALSE,FALSE,4,4,0,"Y","N",TRUE
"Thermopsis lanceolata","Thermopsis lupinoides",TRUE,FALSE,FALSE,4,4,0,"Y","N",FALSE
"Tipuana tipu","Tipuana tipu",TRUE,FALSE,FALSE,2,2,0,"Y","N",TRUE
"Trifolium alexandrinum","Trifolium alexandrinum",TRUE,FALSE,FALSE,1,1,0,"Y","N",TRUE
"Trifolium alpestre","Trifolium alpestre",TRUE,FALSE,FALSE,3,2,0,"Y","N",TRUE
"Trifolium alpestre","Trifolium alpinum",TRUE,FALSE,FALSE,3,2,0,"Y","N",FALSE
"Trifolium alpestre","Trifolium incarnatum",TRUE,FALSE,FALSE,3,2,0,"Y","N",FALSE
"Trifolium alpestre","Trifolium rubens",TRUE,FALSE,FALSE,3,2,0,"Y","N",FALSE
"Trifolium ambiguum","Trifolium ambiguum",TRUE,FALSE,FALSE,7,6,0,"Y","N",TRUE
"Trifolium angustifolium","Trifolium angustifolium",TRUE,FALSE,FALSE,1,1,0,"Y","N",TRUE
"Trifolium arvense","Trifolium arvense",TRUE,FALSE,FALSE,4,4,0,"Y","N",TRUE
"Trifolium aureum","Trifolium aureum",TRUE,FALSE,FALSE,3,3,0,"Y","N",TRUE
"Trifolium aureum","Trifolium campestre",TRUE,FALSE,FALSE,3,3,0,"Y","N",FALSE
"Trifolium badium","Trifolium badium",TRUE,FALSE,FALSE,3,3,0,"Y","N",TRUE
"Trifolium campestre","Trifolium campestre",TRUE,FALSE,FALSE,1,0,0,"N","N",TRUE
"Trifolium canescens","Trifolium canescens",TRUE,FALSE,FALSE,6,6,0,"Y","N",TRUE
"Trifolium dasyphyllum","Trifolium dasyphyllum",TRUE,FALSE,FALSE,1,0,0,"N","N",TRUE
"Trifolium dubium","Trifolium dubium",TRUE,FALSE,FALSE,7,7,0,"Y","N",TRUE
"Trifolium fragiferum","Trifolium fragiferum",TRUE,FALSE,FALSE,4,3,0,"Y","N",TRUE
"Trifolium glomeratum","Trifolium glomeratum",TRUE,FALSE,FALSE,2,2,0,"Y","N",TRUE
"Trifolium haydenii","Trifolium haydenii",TRUE,FALSE,FALSE,2,2,0,"Y","N",TRUE
"Trifolium hybridum","Trifolium hybridum",TRUE,FALSE,FALSE,7,6,0,"Y","N",TRUE
"Trifolium lupinaster","Trifolium lupinaster",TRUE,FALSE,FALSE,8,8,0,"Y","N",TRUE
"Trifolium medium","Trifolium alpestre",TRUE,FALSE,FALSE,10,10,0,"Y","N",FALSE
"Trifolium medium","Trifolium medium",TRUE,FALSE,FALSE,10,10,0,"Y","N",TRUE
"Trifolium parryi","Trifolium parryi",TRUE,FALSE,FALSE,2,1,0,"Y","N",TRUE
"Trifolium polyphyllum","Trifolium polyphyllum",TRUE,FALSE,FALSE,2,2,0,"Y","N",TRUE
"Trifolium pratense","Trifolium pratense",TRUE,FALSE,FALSE,44,43,0,"Y","N",TRUE
"Trifolium repens","Trifolium repens",TRUE,FALSE,FALSE,51,51,0,"Y","N",TRUE
"Trifolium resupinatum","Trifolium resupinatum",TRUE,FALSE,FALSE,1,1,0,"Y","N",TRUE
"Trifolium spadiceum","Trifolium spadiceum",TRUE,FALSE,FALSE,4,4,0,"Y","N",TRUE
"Trifolium stellatum","Trifolium stellatum",TRUE,FALSE,FALSE,1,0,0,"N","N",TRUE
"Trifolium subterraneum","Trifolium subterraneum",TRUE,FALSE,FALSE,6,5,0,"Y","N",TRUE
"Tripodion tetraphyllum","Tripodion tetraphyllum",TRUE,FALSE,FALSE,1,1,0,"Y","N",TRUE
"Ulex europaeus","Ulex europaeus",TRUE,FALSE,FALSE,3,3,0,"Y","N",TRUE
"Ulex gallii","Ulex gallii",TRUE,FALSE,FALSE,1,0,0,"N","N",TRUE
"Uraria cylindracea","Uraria cylindracea",TRUE,FALSE,FALSE,2,2,0,"Y","N",TRUE
"Vicia americana","Vicia americana",TRUE,FALSE,FALSE,1,1,0,"Y","N",TRUE
"Vicia cracca","Vicia cracca",TRUE,FALSE,TRUE,17,17,0,"Y","N",TRUE
"Vicia faba","Vicia faba",TRUE,FALSE,TRUE,10,10,0,"Y","N",TRUE
"Vicia hirsuta","Vicia hirsuta",TRUE,FALSE,TRUE,3,3,0,"Y","N",TRUE
"Vicia hirsuta","Vicia parviflora",TRUE,FALSE,TRUE,3,3,0,"Y","N",FALSE
"Vicia ramuliflora","Vicia ramuliflora",TRUE,FALSE,FALSE,2,2,0,"Y","N",TRUE
"Vicia sativa","Vicia sativa",TRUE,FALSE,TRUE,2,2,0,"Y","N",TRUE
"Vicia sepium","Vicia sepium",TRUE,FALSE,TRUE,19,19,0,"Y","N",TRUE
"Vicia sylvatica","Vicia sylvatica",TRUE,FALSE,FALSE,5,4,1,"Y","Y",TRUE
"Vicia tenuifolia","Vicia tenuifolia",TRUE,FALSE,FALSE,1,1,0,"Y","N",TRUE
"Vicia tetrasperma","Vicia tetrasperma",TRUE,FALSE,FALSE,4,4,0,"Y","N",TRUE
"Vicia villosa","Vicia villosa",TRUE,FALSE,TRUE,1,1,0,"Y","N",TRUE
"Vigna aconitifolia","Vigna aconitifolia",TRUE,FALSE,FALSE,1,1,0,"Y","N",TRUE
"Vigna adenantha","Vigna adenantha",TRUE,FALSE,FALSE,4,4,0,"Y","N",TRUE
"Vigna angularis","Vigna angularis",TRUE,FALSE,FALSE,1,1,0,"Y","N",TRUE
"Vigna dalzelliana","Vigna dalzelliana",TRUE,FALSE,FALSE,1,1,0,"Y","N",TRUE
"Vigna lanceolata","Vigna lanceolata",TRUE,FALSE,FALSE,1,1,0,"Y","N",TRUE
"Vigna luteola","Vigna luteola",TRUE,FALSE,TRUE,1,1,0,"Y","N",TRUE
"Vigna marina","Vigna marina",TRUE,FALSE,FALSE,3,3,0,"Y","N",TRUE
"Vigna mungo","Vigna mungo",TRUE,FALSE,FALSE,6,5,0,"Y","N",TRUE
"Vigna parkeri","Vigna parkeri",TRUE,FALSE,FALSE,1,1,0,"Y","N",TRUE
"Vigna radiata","Vigna radiata",TRUE,FALSE,FALSE,5,5,0,"Y","N",TRUE
"Vigna trilobata","Vigna trilobata",TRUE,FALSE,FALSE,1,1,0,"Y","N",TRUE
"Vigna unguiculata","Vigna unguiculata",TRUE,FALSE,TRUE,10,10,0,"Y","N",TRUE
"Viminaria juncea","Viminaria juncea",TRUE,FALSE,FALSE,5,4,1,"Y","Y",TRUE
"Virgilia oroboides","Virgilia oroboides",TRUE,FALSE,FALSE,2,1,0,"Y","N",TRUE
"Vouacapoua americana","Vouacapoua americana",TRUE,FALSE,FALSE,1,1,0,"Y","N",TRUE
"Vouacapoua pallidior","Vouacapoua pallidior",TRUE,FALSE,FALSE,2,1,0,"Y","N",TRUE
"Wisteria floribunda","Wisteria floribunda",TRUE,FALSE,FALSE,1,1,0,"Y","N",TRUE
"Wisteria sinensis","Wisteria sinensis",TRUE,FALSE,FALSE,2,1,0,"Y","N",TRUE
"Wisteria sinensis","Wisteria villosa",TRUE,FALSE,FALSE,2,1,0,"Y","N",FALSE
"Xeroderris stuhlmannii","Xeroderris stuhlmannii",TRUE,FALSE,FALSE,2,2,0,"Y","N",TRUE
"Xylia xylocarpa","Xylia xylocarpa",TRUE,FALSE,FALSE,5,5,0,"Y","N",TRUE
"Zornia diphylla","Lupinus angustifolius",TRUE,FALSE,FALSE,1,1,0,"Y","N",FALSE
"Zornia diphylla","Zornia diphylla",TRUE,FALSE,FALSE,1,1,0,"Y","N",TRUE
"Zornia gibbosa","Zornia gibbosa",TRUE,FALSE,FALSE,4,3,0,"Y","N",TRUE
"Zygia longifolia","Zygia longifolia",TRUE,FALSE,FALSE,1,1,0,"Y","N",TRUE
