Species,fixerCH,fixer,num_introduced,total_area_introduced,total_area_native,lat_native,abs_lat_native,annual,uses_num_uses,mah_state,soud_state,ConsensusTOTAL
Abarema_jupunba,TRUE,2,0,0,6.40E+12,-7.07229421,7.07229421,0,0,NA,AM,AM
Abrus_precatorius,TRUE,2,4,1.48E+11,5.34E+13,9.00301812,9.00301812,0,7,NA,AM,AM
Acacia_alata,TRUE,2,0,0,2.53E+12,-25.46607155,25.46607155,0,0,NA,AM,AM
Acacia_ampliceps,TRUE,2,0,0,3.88E+12,-23.4204532,23.4204532,0,0,NA,AM,AM
Acacia_aneura,TRUE,2,2,1.38E+12,7.39E+12,-25.1628483,25.1628483,0,1,NA,EcM,EM
Acacia_auriculiformis,TRUE,2,23,1.12E+13,4.09E+12,-5.85860106,5.85860106,0,4,AM,AM,AM
Acacia_cincinnata,TRUE,2,0,0,1.73E+12,-22.57378083,22.57378083,0,1,NA,AM,AM
Acacia_dealbata,TRUE,2,28,1.45E+13,4.61E+12,-35.13929898,35.13929898,0,6,AM,AM,AM
Acacia_decurrens,TRUE,2,19,1.00E+13,6.40E+12,-17.04729784,17.04729784,0,4,NA,AM,AM
Acacia_floribunda,TRUE,2,4,2.30E+12,3.49E+12,-7.63227278,7.63227278,0,1,NA,AM,AM
Acacia_koa,TRUE,2,2,85081230499,16858731371,20.26898313,20.26898313,0,0,AM,AM,AM
Acacia_ligulata,TRUE,2,0,0,7.62E+12,-25.55398159,25.55398159,0,1,NA,AM,AM
Acacia_mearnsii,TRUE,2,34,1.78E+13,6.75E+12,-25.13916559,25.13916559,0,5,NA,AM,AM
Acacia_melanoxylon,TRUE,2,26,1.71E+13,6.34E+12,-34.37437305,34.37437305,0,4,NA,EcM,EM
Acacia_pennatula,TRUE,2,1,2645044536,4.62E+12,12.08791594,12.08791594,0,0,AM,NA,AM
Acacia_platycarpa,TRUE,2,0,0,5.61E+12,-23.16077529,23.16077529,0,0,NA,EcM,EM
Acacia_pulchella,TRUE,2,3,3.98E+11,2.53E+12,-25.46607155,25.46607155,0,1,NA,AM,AM
Acacia_pyrifolia,TRUE,2,0,0,2.53E+12,-25.46607155,25.46607155,0,1,NA,AM,AM
Acacia_saligna,TRUE,2,21,2.03E+13,6.27E+12,-26.80241625,26.80241625,0,6,NA,AM,AM
Acacia_spinescens,TRUE,2,1,1.89E+11,1.21E+12,-31.4539516,31.4539516,0,0,NA,AM,AM
Acacia_tortilis,TRUE,2,4,3.35E+12,2.52E+13,7.84844836,7.84844836,0,7,AM,NA,AM
Acacia_tumida,TRUE,2,0,0,3.88E+12,-23.4204532,23.4204532,0,3,NA,AM,AM
Acacia_verticillata,TRUE,2,6,2.28E+12,2.08E+12,-36.84160801,36.84160801,0,1,NA,EcM,EM
Acmispon_brachycarpus,TRUE,2,0,0,1.99E+12,38.7071346,38.7071346,1,0,NA,AM,AM
Acrocarpus_fraxinifolius,FALSE,1,5,6.43E+12,8.76E+12,17.36499145,17.36499145,0,2,NA,AM,AM
Aeschynomene_americana,TRUE,2,24,1.32E+13,2.63E+13,6.39935826,6.39935826,0,4,NA,AM,AM
Aeschynomene_indica,TRUE,2,8,57468988959,4.64E+13,11.15298163,11.15298163,0,8,AM,AM,AM
Albizia_julibrissin,TRUE,2,19,3.04E+13,1.73E+13,27.01483409,27.01483409,0,5,AM,AM,AM
Albizia_kalkora,TRUE,2,0,0,8.99E+12,30.47597992,30.47597992,0,0,AM,AM,AM
Albizia_lebbeck,TRUE,2,55,4.66E+13,9.60E+12,11.73152247,11.73152247,0,9,AM,AM,AM
Albizia_procera,TRUE,2,14,1.64E+13,1.18E+13,8.77720443,8.77720443,0,5,NA,AM,AM
Albizia_versicolor,TRUE,2,1,2055545262,1.15E+13,-18.0040949,18.0040949,0,2,NA,AM,AM
Alhagi_maurorum,TRUE,2,3,5.66E+12,2.48E+13,37.52987616,37.52987616,0,8,AM,AM,AM
Ammopiptanthus_mongolicus,TRUE,2,0,0,3.20E+12,42.77144618,42.77144618,0,0,NA,AM,AM
Amorpha_canescens,TRUE,2,0,0,1.73E+13,54.20867293,54.20867293,0,0,AM,AM,AM
Amorpha_fruticosa,TRUE,2,24,2.40E+13,1.81E+13,34.25752634,34.25752634,0,1,AMNM,AM,AM
Amphicarpaea_bracteata,TRUE,2,0,0,1.91E+13,40.19097826,40.19097826,0,0,NA,AM,AM
Anadenanthera_peregrina,TRUE,2,0,0,1.12E+13,7.23886894,7.23886894,0,1,AM,AM,AM
Andira_inermis,TRUE,2,6,2.84E+12,2.28E+13,9.47607629,9.47607629,0,6,NA,AM,AM
Anthyllis_cytisoides,TRUE,2,0,0,3.76E+12,37.36647152,37.36647152,0,0,AM,AM,AM
Anthyllis_vulneraria,TRUE,2,2,5.61E+11,2.26E+13,42.22690675,42.22690675,0,3,AMNM,AM,AM
Apuleia_leiocarpa,FALSE,1,0,0,1.46E+13,-4.5631422,4.5631422,0,0,NA,AM,AM
Arachis_hypogaea,TRUE,2,67,6.37E+13,1.20E+13,-5.36188821,5.36188821,1,7,AM,AM,AM
Astragalus_alpinus,TRUE,2,0,0,2.94E+13,50.46312881,50.46312881,0,0,NM,non-mycorrhizal (checked for all types),NM
Astragalus_cicer,TRUE,2,6,2.75E+12,1.57E+13,48.64765782,48.64765782,0,3,AM,NA,AM
Astragalus_frigidus,TRUE,2,0,0,5.09E+12,45.42187024,45.42187024,0,0,NM,NA,NM
Astragalus_glycyphyllos,TRUE,2,4,1.39E+13,2.17E+13,48.45940725,48.45940725,0,3,NM,NA,NM
Astragalus_scaberrimus,TRUE,2,0,0,1.25E+13,47.07382447,47.07382447,0,1,NA,AM,AM
Astragalus_sinicus,TRUE,2,0,0,3.44E+12,26.06009224,26.06009224,0,1,NA,AM,AM
Astragalus_tribuloides,TRUE,2,0,0,1.28E+13,38.23611007,38.23611007,1,2,NA,AM,AM
Astragalus_umbellatus,TRUE,2,0,0,1.22E+13,58.41555631,58.41555631,0,1,NM,AM,AM
Baikiaea_plurijuga,FALSE,1,0,0,3.77E+12,-16.98362808,16.98362808,0,3,NA,AM,AM
Baptisia_alba,TRUE,2,0,0,1.76E+13,53.69006494,53.69006494,0,0,AM,AM,AM
Baptisia_australis,TRUE,2,2,1.36E+13,1.09E+13,38.25573071,38.25573071,0,0,AM,NA,AM
Baptisia_bracteata,TRUE,2,0,0,3.47E+12,37.69622659,37.69622659,0,0,AM,NA,AM
Bauhinia_forficata,FALSE,1,1,776198018.1,1.40E+13,-15.98959109,15.98959109,0,0,AM,AM,AM
Bauhinia_galpinii,FALSE,1,15,4.96E+12,3.86E+12,-21.72947512,21.72947512,0,1,NA,AM,AM
Bauhinia_guianensis,FALSE,1,0,0,1.40E+13,9.54852316,9.54852316,0,0,AM,AM,AM
Bauhinia_petersiana,FALSE,1,1,82436185963,1.06E+13,-18.58533779,18.58533779,0,0,NA,AM,AM
Bauhinia_variegata,FALSE,1,27,2.57E+13,1.48E+13,24.00862671,24.00862671,0,6,NA,AM,AM
Berlinia_bracteosa,FALSE,1,0,0,5.23E+12,0.2945389,0.2945389,0,1,EM,EcM,EM
Brachystegia_boehmii,FALSE,1,0,0,7.13E+12,-10.42992091,10.42992091,0,0,NA,EcM,EM
Brachystegia_laurentii,FALSE,1,0,0,3.05E+12,0.28098821,0.28098821,0,1,EM,EcM,EM
Brownea_ariza,FALSE,1,5,2.92E+12,2.12E+12,5.65212555,5.65212555,0,2,NA,non-mycorrhizal (checked for all types),NM
Caesalpinia_decapetala,FALSE,1,14,1.84E+13,1.55E+13,16.79714169,16.79714169,0,5,NA,AM,AM
Caesalpinia_echinata,FALSE,1,0,0,8.47E+12,-10.77227947,10.77227947,0,0,NA,AM,AM
Caesalpinia_eriostachys,FALSE,1,0,0,6.86E+11,16.00816232,16.00816232,0,0,NA,AM,AM
Caesalpinia_pluviosa,FALSE,1,0,0,8.47E+12,-10.77227947,10.77227947,0,0,NA,AM,AM
Cajanus_cajan,TRUE,2,67,4.60E+13,6.61E+12,12.78552409,12.78552409,0,8,AM,AM,AM
Calliandra_eriophylla,TRUE,2,0,0,3.66E+12,28.95454198,28.95454198,0,0,AM,AM,AM
Calopogonium_caeruleum,TRUE,2,3,7.00E+11,1.65E+13,6.24566767,6.24566767,0,1,AM,AM,AM
Calpocalyx_dinklagei,FALSE,1,0,0,3.24E+12,-3.42005008,3.42005008,0,2,NA,AM,AM
Campsiandra_comosa,TRUE,2,0,0,5.34E+12,0.70729115,0.70729115,0,0,NA,AM,AM
Canavalia_cathartica,TRUE,2,1,16858731371,2.05E+13,-0.20727858,0.20727858,0,2,NA,AM,AM
Canavalia_gladiata,TRUE,2,26,2.74E+13,9.06E+12,15.36986344,15.36986344,0,5,NA,AM,AM
Canavalia_rosea,TRUE,2,1,252721684.5,5.30E+13,4.95202097,4.95202097,0,5,AM,AM,AM
Caragana_arborescens,TRUE,2,16,1.92E+13,8.70E+12,44.66466854,44.66466854,0,7,AMNM,AM,AM
Caragana_korshinskii,TRUE,2,0,0,3.40E+12,42.50806299,42.50806299,0,0,NA,AM,AM
Cassia_fistula,FALSE,1,47,3.90E+13,1.02E+13,10.68922491,10.68922491,0,7,NA,AM,AM
Cassia_grandis,FALSE,1,17,9.33E+12,1.27E+13,2.34618617,2.34618617,0,4,AM,AM,AM
Castanospermum_australe,FALSE,1,15,8.87E+12,2.69E+12,-17.64425932,17.64425932,0,5,AM,AM,AM
Cedrelinga_cateniformis,TRUE,2,0,0,7.67E+12,-1.8769988,1.8769988,0,1,NA,AM,AM
Centrolobium_robustum,TRUE,2,0,0,8.52E+11,-17.36275051,17.36275051,0,0,NA,AM,AM
Centrolobium_tomentosum,TRUE,2,0,0,2.08E+12,1.04259791,1.04259791,0,0,AM,AM,AM
Centrosema_pubescens,TRUE,2,31,2.51E+13,2.11E+13,2.2174588,2.2174588,0,3,AM,AM,AM
Ceratonia_siliqua,FALSE,1,27,2.51E+13,7.38E+12,37.31794972,37.31794972,0,7,AM,AM,AM
Cercis_canadensis,FALSE,1,5,3.65E+12,1.43E+13,34.08439623,34.08439623,0,3,NA,EcM,EM
Cercis_siliquastrum,FALSE,1,21,1.50E+13,5.14E+12,39.40398144,39.40398144,0,4,NA,AM,AM
Chamaecrista_nictitans,TRUE,2,5,2.16E+12,1.37E+13,15.47217365,15.47217365,0,1,NA,AM,AM
Chorizema_cordatum,TRUE,2,0,0,2.53E+12,-25.46607155,25.46607155,0,0,NA,EcM,EM
Cicer_arietinum,TRUE,2,48,7.41E+13,7.46E+12,21.96767801,21.96767801,1,6,AM,AM,AM
Cladrastis_sikokiana,FALSE,1,0,0,3.71E+11,37.60209081,37.60209081,0,0,NA,AM,AM
Clitoria_ternatea,TRUE,2,79,4.47E+13,2.13E+13,1.79242466,1.79242466,0,8,NA,AM,AM
Colvillea_racemosa,FALSE,1,12,3.68E+12,5.93E+11,-19.37352737,19.37352737,0,2,NA,AM,AM
Copaifera_langsdorffii,FALSE,1,0,0,6.13E+12,-16.73553387,16.73553387,0,0,AM,AM,AM
Copaifera_officinalis,FALSE,1,5,3.79E+11,3.05E+12,5.62116566,5.62116566,0,5,NA,AM,AM
Coronilla_scorpioides,TRUE,2,1,7.94E+12,2.37E+13,41.75047739,41.75047739,1,4,AM,AM,AM
Crotalaria_assamica,TRUE,2,0,0,6.19E+12,20.88899351,20.88899351,0,2,NA,AM,AM
Crotalaria_goreensis,TRUE,2,8,2.10E+13,1.92E+13,1.07734205,1.07734205,0,3,AM,NA,AM
Crotalaria_incana,TRUE,2,20,1.43E+13,2.93E+12,13.62616928,13.62616928,0,4,AM,AM,AM
Crotalaria_ochroleuca,TRUE,2,9,1.26E+13,1.96E+13,2.46809908,2.46809908,0,0,AM,AM,AM
Crotalaria_pallida,TRUE,2,37,1.73E+13,3.48E+13,12.53796268,12.53796268,0,7,NA,AM,AM
Crotalaria_retusa,TRUE,2,36,1.48E+13,2.34E+13,8.42631233,8.42631233,0,8,NA,AM,AM
Crotalaria_trichotoma,TRUE,2,32,9.41E+12,2.92E+12,-4.85462577,4.85462577,0,3,NA,AM,AM
Cylicodiscus_gabunensis,FALSE,1,0,0,2.22E+12,7.28492296,7.28492296,0,1,AM,AM,AM
Cytisus_purpureus,TRUE,2,5,5.65E+11,6.19E+11,43.30126237,43.30126237,0,1,NA,AM,AM
Cytisus_scoparius,TRUE,2,27,3.10E+13,6.20E+12,47.697596,47.697596,0,9,AM,AM,AM
Dalbergia_assamica,TRUE,2,1,5.82E+11,3.96E+12,22.46971874,22.46971874,0,1,NA,EcM,EM
Dalbergia_hupeana,TRUE,2,0,0,3.19E+12,23.16494434,23.16494434,0,0,NA,AM,AM
Dalbergia_melanoxylon,TRUE,2,4,1.06E+12,2.18E+13,2.84434797,2.84434797,0,1,NA,AM,AM
Dalbergia_nigra,TRUE,2,0,0,1.48E+12,-18.27126198,18.27126198,0,3,NA,AM,AM
Dalbergia_oliveri,TRUE,2,1,2.12E+12,1.72E+12,19.68540669,19.68540669,0,1,NA,AM,AM
Dalbergia_sissoo,TRUE,2,14,1.66E+13,1.10E+13,18.61983451,18.61983451,0,5,AM,AM,AM
Dalea_candida,TRUE,2,0,0,2.36E+12,40.10070269,40.10070269,0,0,AM,AM,AM
Dalea_purpurea,TRUE,2,0,0,4.57E+12,39.31050305,39.31050305,0,0,AM,NA,AM
Daviesia_cordata,TRUE,2,0,0,2.53E+12,-25.46607155,25.46607155,0,0,NA,non-mycorrhizal (checked for all types),NM
Daviesia_corymbosa,TRUE,2,0,0,8.02E+11,-32.17021086,32.17021086,0,0,AM,NA,AM
Daviesia_leptophylla,TRUE,2,0,0,3.74E+12,-27.68672637,27.68672637,0,0,NA,EcM,EM
Desmanthus_illinoensis,TRUE,2,2,38271344951,4.89E+12,37.70964374,37.70964374,0,1,AM,AM,AM
Desmanthus_virgatus,TRUE,2,29,1.42E+13,7.27E+12,3.88421519,3.88421519,0,4,NA,AM,AM
Desmodium_elegans,TRUE,2,1,2.31E+11,5.76E+12,27.40509156,27.40509156,0,1,NA,AM,AM
Desmodium_gangeticum,TRUE,2,8,23877630652,4.05E+13,8.72706435,8.72706435,0,4,NA,AM,AM
Desmodium_heterocarpon,TRUE,2,6,1.52E+12,1.87E+13,12.71907338,12.71907338,0,0,AM,AM,AM
Desmodium_microphyllum,TRUE,2,0,0,1.76E+13,10.02566695,10.02566695,0,3,AM,NA,AM
Desmodium_tortuosum,TRUE,2,28,2.92E+13,1.34E+13,13.2606484,13.2606484,0,4,NA,AM,AM
Dicorynia_guianensis,FALSE,1,0,0,4.39E+11,4.40767396,4.40767396,0,0,AM,AM,AM
Didelotia_africana,FALSE,1,0,0,1.63E+12,6.87712086,6.87712086,0,1,EM,EcM,EM
Dinizia_excelsa,FALSE,1,1,51064226252,1.24E+12,-4.035679,4.035679,0,0,NA,AM,AM
Diphysa_americana,TRUE,2,2,6.08E+11,6.20E+11,14.96718777,14.96718777,0,0,AM,NA,AM
Diplotropis_purpurea,TRUE,2,0,0,1.22E+13,-2.54010289,2.54010289,0,0,NA,AM,AM
Dipteryx_odorata,FALSE,1,1,28916420.55,6.95E+12,-2.86273331,2.86273331,0,7,NA,AM,AM
Distemonanthus_benthamianus,FALSE,1,0,0,2.45E+12,7.61599512,7.61599512,0,3,AM,AM,AM
Dorycnium_hirsutum,TRUE,2,2,2.68E+11,6.88E+12,38.36405453,38.36405453,0,2,NM,non-mycorrhizal (checked for all types),NM
Dorycnium_pentaphyllum,TRUE,2,2,2.68E+11,6.96E+12,39.33877667,39.33877667,0,2,AM,AM,AM
Entada_abyssinica,TRUE,2,0,0,1.62E+13,6.69235724,6.69235724,0,1,NA,AM,AM
Enterolobium_contortisiliquum,TRUE,2,2,9.72E+11,1.29E+13,-23.01261806,23.01261806,0,0,AM,AM,AM
Enterolobium_cyclocarpum,TRUE,2,14,4.29E+12,1.37E+13,9.4649793,9.4649793,0,2,AM,AM,AM
Enterolobium_schomburgkii,TRUE,2,0,0,9.77E+12,-2.68082452,2.68082452,0,0,NA,AM,AM
Eperua_bijuga,FALSE,1,0,0,1.46E+12,0.22176104,0.22176104,0,0,NA,AM,AM
Eperua_falcata,FALSE,1,2,4.70E+11,1.49E+12,3.84398924,3.84398924,0,1,AM,AM,AM
Eperua_grandiflora,FALSE,1,0,0,5.79E+11,2.9281457,2.9281457,0,1,NA,AM,AM
Erythrina_fusca,TRUE,2,7,4.53E+12,2.56E+13,2.88239997,2.88239997,0,2,NA,AM,AM
Eutaxia_microphylla,TRUE,2,0,0,6.34E+12,-34.37260051,34.37260051,0,0,NA,EcM,EM
Faidherbia_albida,TRUE,2,5,9.97E+11,3.05E+13,14.74294836,14.74294836,0,8,AM,AM,AM
Flemingia_macrophylla,TRUE,2,12,7.60E+12,1.43E+13,16.21859796,16.21859796,0,2,NA,AM,AM
Galega_orientalis,TRUE,2,5,8.74E+12,4.92E+12,48.41342464,48.41342464,0,2,AMNM,non-mycorrhizal (checked for all types),NM
Gastrolobium_bilobum,TRUE,2,0,0,2.53E+12,-25.46607155,25.46607155,0,0,NA,AM,AM
Genista_tinctoria,TRUE,2,9,3.52E+13,1.99E+13,48.21388291,48.21388291,0,5,AM,AM,AM
Gleditsia_triacanthos,FALSE,1,25,2.91E+13,1.52E+13,41.07489977,41.07489977,0,7,AMNM,AM,AM
Gliricidia_sepium,TRUE,2,46,1.92E+13,2.33E+12,10.25334026,10.25334026,0,7,AM,AM,AM
Glycine_clandestina,TRUE,2,0,0,1.57E+13,-2.10967042,2.10967042,0,2,NA,AM,AM
Glycine_max,TRUE,2,50,8.87E+13,1.06E+13,15.45352811,15.45352811,1,7,AM,AM,AM
Glycyrrhiza_glabra,TRUE,2,9,1.54E+13,2.46E+13,39.48689989,39.48689989,0,9,AM,AM,AM
Glycyrrhiza_lepidota,TRUE,2,0,0,1.94E+13,45.75607157,45.75607157,0,0,NA,AM,AM
Glycyrrhiza_uralensis,TRUE,2,0,0,2.37E+13,45.63301501,45.63301501,0,3,NA,AM,AM
Gossweilerodendron_balsamiferum,FALSE,1,0,0,5.20E+12,0.33400637,0.33400637,0,2,AM,AM,AM
Guibourtia_coleosperma,FALSE,1,0,0,6.09E+12,-11.73953808,11.73953808,0,4,NA,AM,AM
Gymnocladus_dioica,FALSE,1,9,1.33E+13,1.63E+13,54.12793836,54.12793836,0,4,NA,AM,AM
Halimodendron_halodendron,TRUE,2,10,7.17E+12,1.86E+13,44.12523883,44.12523883,0,4,AMNM,AM,AM
Hardenbergia_comptoniana,TRUE,2,2,1.32E+11,7.69E+12,-25.73253015,25.73253015,0,1,NA,AM,AM
Hardenbergia_violacea,TRUE,2,1,2055545262,3.81E+12,-34.81740116,34.81740116,0,1,NA,EcM,EM
Havardia_albicans,TRUE,2,0,0,2.33E+12,20.43021132,20.43021132,0,1,AM,AM,AM
Hedysarum_alpinum,TRUE,2,0,0,4.92E+13,46.02940052,46.02940052,0,4,NA,AM,AM
Hedysarum_boreale,TRUE,2,0,0,1.62E+13,54.53496801,54.53496801,0,0,NA,AM,AM
Hedysarum_caucasicum,TRUE,2,0,0,4.75E+12,48.62324659,48.62324659,0,2,AM,AM,AM
Hedysarum_coronarium,TRUE,2,15,6.85E+12,3.37E+12,35.18906387,35.18906387,0,2,AM,AM,AM
Hedysarum_hedysaroides,TRUE,2,0,0,3.42E+12,42.96058068,42.96058068,0,0,NA,AM,AM
Hippocrepis_comosa,TRUE,2,1,7.94E+12,3.54E+12,45.59844177,45.59844177,0,0,AM,AM,AM
Hippocrepis_unisiliquosa,TRUE,2,0,0,4.44E+12,34.8661874,34.8661874,1,0,AM,AM,AM
Hovea_trisperma,TRUE,2,0,0,2.53E+12,-25.46607155,25.46607155,0,0,NA,AM,AM
Hymenaea_courbaril,FALSE,1,11,4.44E+12,4.84E+12,9.2242963,9.2242963,0,3,AMNM,AM,AM
Hymenostegia_afzelii,FALSE,1,0,0,2.40E+12,8.44381177,8.44381177,0,3,NA,AM,AM
Indigofera_argentea,TRUE,2,0,0,2.09E+13,20.8560083,20.8560083,0,1,NA,AM,AM
Indigofera_australis,TRUE,2,2,2.67E+12,7.76E+12,-33.83765746,33.83765746,0,1,NA,EcM,EM
Indigofera_cordifolia,TRUE,2,0,0,2.54E+13,9.06013282,9.06013282,1,3,AM,AM,AM
Indigofera_hirsuta,TRUE,2,8,2.15E+12,3.94E+13,6.00354518,6.00354518,0,5,NA,AM,AM
Indigofera_kirilowii,TRUE,2,2,8.17E+12,1.37E+12,38.56462883,38.56462883,0,2,AM,AM,AM
Indigofera_linifolia,TRUE,2,1,2645044536,2.43E+13,11.63265646,11.63265646,0,5,AM,AM,AM
Indigofera_pseudotinctoria,TRUE,2,0,0,2.71E+12,32.75775076,32.75775076,0,3,NA,AM,AM
Indigofera_tinctoria,TRUE,2,16,3.14E+12,3.69E+13,8.91410948,8.91410948,0,6,AM,AM,AM
Inga_edulis,TRUE,2,7,6.60E+12,1.04E+13,-7.70557519,7.70557519,0,3,NA,AM,AM
Inga_laurina,TRUE,2,3,2.12E+12,1.78E+13,4.48952238,4.48952238,0,1,NA,AM,AM
Inga_leiocalycina,TRUE,2,0,0,3.38E+12,9.20895421,9.20895421,0,0,AM,AM,AM
Inga_nobilis,TRUE,2,0,0,1.36E+13,-3.84934881,3.84934881,0,0,AM,AM,AM
Inga_pezizifera,TRUE,2,0,0,74530640236,8.50542914,8.50542914,0,0,AM,AM,AM
Inga_thibaudiana,TRUE,2,0,0,9.49E+12,5.21909774,5.21909774,0,0,AM,AM,AM
Inga_vera,TRUE,2,1,2.12E+12,5.41E+12,14.41102883,14.41102883,0,0,NA,AM,AM
Isoberlinia_angolensis,FALSE,1,0,0,8.37E+12,2.5611088,2.5611088,0,0,NA,EcM,EM
Kennedia_coccinea,TRUE,2,0,0,2.53E+12,-25.46607155,25.46607155,0,0,NA,non-mycorrhizal (checked for all types),NM
Kennedia_prostrata,TRUE,2,0,0,7.69E+12,-25.73253015,25.73253015,0,0,NA,AM,AM
Kennedia_rubicunda,TRUE,2,2,4.34E+11,2.83E+12,-34.37258831,34.37258831,0,2,NA,AM,AM
Kummerowia_striata,TRUE,2,2,2.53E+12,1.08E+13,33.9937023,33.9937023,0,6,AM,AM,AM
Lablab_purpureus,TRUE,2,56,3.35E+13,2.96E+13,0.09818241,0.09818241,0,7,AM,AM,AM
Laburnum_anagyroides,TRUE,2,27,2.41E+13,2.05E+12,34.85868258,34.85868258,0,2,AM,AM,AM
Lathyrus_aphaca,TRUE,2,8,1.12E+13,2.75E+13,39.11839808,39.11839808,1,5,AM,NA,AM
Lathyrus_japonicus,TRUE,2,0,0,2.98E+13,50.22068001,50.22068001,0,4,AM,AM,AM
Lathyrus_linifolius,TRUE,2,1,1.15E+11,6.98E+12,46.72624927,46.72624927,0,2,AM,NA,AM
Lathyrus_niger,TRUE,2,2,3.46E+11,1.52E+13,44.88183931,44.88183931,0,4,AMNM,AM,AM
Lathyrus_odoratus,TRUE,2,41,6.38E+13,4.13E+11,27.90132043,27.90132043,1,3,AM,AM,AM
Lathyrus_palustris,TRUE,2,0,0,3.77E+13,43.83747701,43.83747701,0,1,NA,AM,AM
Lathyrus_pratensis,TRUE,2,8,1.69E+13,4.00E+13,42.09266119,42.09266119,0,3,AMNM,AM,AM
Lathyrus_sativus,TRUE,2,36,5.41E+13,1.07E+12,-6.77941557,6.77941557,1,7,AM,AM,AM
Lathyrus_sylvestris,TRUE,2,5,3.16E+12,1.73E+13,48.14780215,48.14780215,0,4,AM,NA,AM
Lathyrus_tuberosus,TRUE,2,9,1.62E+12,2.67E+13,47.50736618,47.50736618,0,5,AM,AM,AM
Lathyrus_vernus,TRUE,2,2,2.98E+11,2.23E+13,47.59715532,47.59715532,0,3,AM,AM,AM
Lens_culinaris,TRUE,2,43,2.78E+13,1.65E+13,20.36272679,20.36272679,0,4,AM,AM,AM
Lespedeza_bicolor,TRUE,2,9,8.25E+12,1.54E+13,39.58768972,39.58768972,0,3,AM,AM,AM
Lespedeza_buergeri,TRUE,2,0,0,2.49E+12,31.50999674,31.50999674,0,2,NA,AM,AM
Lespedeza_capitata,TRUE,2,0,0,1.73E+13,53.69834215,53.69834215,0,0,AM,AM,AM
Lespedeza_cyrtobotrya,TRUE,2,2,8.17E+12,3.08E+12,33.79614164,33.79614164,0,3,NA,AM,AM
Lespedeza_juncea,TRUE,2,6,1.09E+13,3.14E+13,22.49597644,22.49597644,0,4,NA,AM,AM
Leucaena_diversifolia,TRUE,2,5,2.49E+12,2.37E+12,19.32307644,19.32307644,0,2,AM,NA,AM
Leucaena_leucocephala,TRUE,2,73,5.54E+13,2.10E+12,21.01115209,21.01115209,0,9,AM,AM,AM
Leucaena_retusa,TRUE,2,1,1.12E+11,1.07E+12,25.78519056,25.78519056,0,0,AM,NA,AM
Leucaena_trichodes,TRUE,2,0,0,3.71E+12,5.67378507,5.67378507,0,3,AM,NA,AM
Lonchocarpus_muehlbergianus,TRUE,2,0,0,1.19E+11,-28.28926893,28.28926893,0,0,NA,AM,AM
Lotus_corniculatus,TRUE,2,9,2.11E+13,5.04E+13,37.14945239,37.14945239,0,3,AMNM,AM,AM
Lotus_halophilus,TRUE,2,0,0,5.82E+12,36.74453944,36.74453944,1,0,NA,AM,AM
Lotus_ornithopodioides,TRUE,2,1,7.94E+12,9.03E+12,39.13045918,39.13045918,1,1,NA,non-mycorrhizal (checked for all types),NM
Lotus_pedunculatus,TRUE,2,15,2.50E+13,1.09E+13,44.99702249,44.99702249,0,2,AM,AM,AM
Lupinus_albus,TRUE,2,23,3.77E+13,1.31E+12,39.45133558,39.45133558,1,6,NM,NA,NM
Lupinus_angustifolius,TRUE,2,23,3.15E+13,8.20E+12,37.55619092,37.55619092,1,8,AMNM,NA,AM
Lupinus_arcticus,TRUE,2,0,0,2.16E+13,56.485098,56.485098,0,0,NM,non-mycorrhizal (checked for all types),NM
Lupinus_argenteus,TRUE,2,0,0,3.65E+12,41.40478753,41.40478753,0,0,NA,AM,AM
Lupinus_luteus,TRUE,2,21,3.32E+13,7.18E+11,23.59231907,23.59231907,1,5,AMNM,AM,AM
Lupinus_mutabilis,TRUE,2,5,7.12E+12,3.89E+12,-7.15188118,7.15188118,0,3,AM,AM,AM
Lupinus_polyphyllus,TRUE,2,13,3.01E+13,6.85E+12,48.85857516,48.85857516,0,3,AMNM,AM,AM
Maackia_amurensis,TRUE,2,6,1.45E+13,8.96E+12,46.95941412,46.95941412,0,3,AMNM,AM,AM
Macrolobium_acaciifolium,FALSE,1,0,0,7.42E+12,-2.42186215,2.42186215,0,0,NA,AM,AM
Macrolobium_bifolium,FALSE,1,0,0,4.06E+12,-7.14890211,7.14890211,0,0,AM,AM,AM
Macroptilium_atropurpureum,TRUE,2,22,1.28E+13,1.06E+13,9.75409644,9.75409644,0,4,AM,AM,AM
Macroptilium_lathyroides,TRUE,2,28,2.04E+13,5.39E+12,6.47875062,6.47875062,0,3,NA,AM,AM
Macrotyloma_uniflorum,TRUE,2,2,2.27E+12,3.34E+13,12.96417812,12.96417812,0,4,AM,AM,AM
Medicago_littoralis,TRUE,2,1,3.51E+12,8.61E+12,38.82049421,38.82049421,1,1,AM,AM,AM
Medicago_lupulina,TRUE,2,25,5.66E+13,5.28E+13,36.30563226,36.30563226,0,3,AM,AM,AM
Medicago_marina,TRUE,2,0,0,8.90E+12,38.13796149,38.13796149,0,0,AM,AM,AM
Medicago_medicaginoides,TRUE,2,0,0,1.07E+13,43.29148654,43.29148654,1,2,NA,AM,AM
Medicago_minima,TRUE,2,12,1.05E+13,4.22E+13,39.98875157,39.98875157,0,2,AM,AM,AM
Medicago_polymorpha,TRUE,2,30,4.38E+13,1.61E+13,35.90556071,35.90556071,0,5,AM,AM,AM
Medicago_sativa,TRUE,2,51,1.04E+14,2.51E+12,13.71384711,13.71384711,0,6,AM,AM,AM
Melilotus_albus,TRUE,2,22,3.62E+13,4.10E+13,38.37683966,38.37683966,0,5,AM,AM,AM
Melilotus_dentatus,TRUE,2,4,9.73E+12,2.20E+13,49.51832289,49.51832289,0,2,NA,AM,AM
Melilotus_indicus,TRUE,2,29,4.92E+13,2.52E+13,29.40293849,29.40293849,1,5,AM,AM,AM
Melilotus_officinalis,TRUE,2,19,4.30E+13,2.59E+13,45.88771339,45.88771339,0,6,AM,AM,AM
Microberlinia_bisulcata,FALSE,1,0,0,4.65E+11,5.68579633,5.68579633,0,0,EM,EcM,EM
Mimosa_pudica,TRUE,2,50,3.07E+13,1.61E+13,9.32751251,9.32751251,0,6,AM,AM,AM
Mimosa_quadrivalvis,TRUE,2,4,1.29E+12,2.14E+13,11.98397195,11.98397195,0,0,AM,AM,AM
Mora_excelsa,FALSE,1,0,0,1.27E+12,8.42997176,8.42997176,0,1,AM,AM,AM
Mundulea_sericea,TRUE,2,2,2.12E+12,2.07E+13,3.32137047,3.32137047,0,3,NA,AM,AM
Olneya_tesota,TRUE,2,0,0,7.68E+11,27.58193304,27.58193304,0,0,AM,AM,AM
Onobrychis_arenaria,TRUE,2,0,0,4.78E+12,43.70029865,43.70029865,0,0,AM,AM,AM
Onobrychis_viciifolia,TRUE,2,21,3.34E+13,1.89E+12,46.66104323,46.66104323,0,2,AM,AM,AM
Ononis_natrix,TRUE,2,1,9.37E+12,1.07E+13,36.93878911,36.93878911,0,1,AM,NA,AM
Ononis_serrata,TRUE,2,1,5.39E+11,1.17E+13,35.37832272,35.37832272,1,1,NA,AM,AM
Ormocarpum_kirkii,TRUE,2,0,0,1.00E+13,-13.23042315,13.23042315,0,0,NA,AM,AM
Ormosia_coccinea,TRUE,2,0,0,6.78E+12,2.93662495,2.93662495,0,0,AM,AM,AM
Ormosia_krugii,TRUE,2,0,0,87369927785,17.19296761,17.19296761,0,0,NA,AM,AM
Ormosia_semicastrata,TRUE,2,0,0,1.12E+12,22.80529782,22.80529782,0,0,NA,AM,AM
Ornithopus_compressus,TRUE,2,4,1.83E+13,7.57E+12,37.85351828,37.85351828,1,3,AM,NA,AM
Ornithopus_sativus,TRUE,2,13,2.37E+13,3.97E+12,25.8039385,25.8039385,0,3,NA,AM,AM
Oxylobium_ellipticum,TRUE,2,0,0,1.10E+12,-37.5996607,37.5996607,0,0,NA,EcM,EM
Oxytropis_campestris,TRUE,2,0,0,2.98E+13,53.64333813,53.64333813,0,2,NA,AM,AM
Oxytropis_sericea,TRUE,2,0,0,3.42E+12,39.27623486,39.27623486,0,0,NA,non-mycorrhizal (checked for all types),NM
Oxytropis_splendens,TRUE,2,0,0,1.63E+12,42.94065744,42.94065744,0,0,NA,AM,AM
Pachyrhizus_erosus,TRUE,2,55,2.91E+13,1.33E+12,8.73780415,8.73780415,0,7,NA,AM,AM
Parapiptadenia_rigida,TRUE,2,1,2.67E+12,1.51E+12,-27.44343513,27.44343513,0,0,AM,AM,AM
Parkia_speciosa,FALSE,1,0,0,4.40E+12,2.83988351,2.83988351,0,3,AM,AM,AM
Parkinsonia_aculeata,FALSE,1,26,4.25E+13,1.76E+13,10.47457552,10.47457552,0,6,AM,AM,AM
Peltogyne_venosa,FALSE,1,0,0,4.99E+12,-2.5896768,2.5896768,0,1,NA,AM,AM
Peltophorum_dubium,FALSE,1,6,3.80E+12,1.18E+13,-24.58551684,24.58551684,0,3,AMNM,AM,AM
Peltophorum_pterocarpum,FALSE,1,32,2.00E+13,8.83E+12,2.53227517,2.53227517,0,7,NA,AM,AM
Pentaclethra_macroloba,TRUE,2,1,390727008.7,7.41E+12,7.52987291,7.52987291,0,4,AM,AM,AM
Phaseolus_coccineus,TRUE,2,31,3.74E+13,3.57E+12,30.44236219,30.44236219,0,3,AM,NA,AM
Phaseolus_lunatus,TRUE,2,46,4.08E+13,2.72E+11,9.90592018,9.90592018,0,5,AM,AM,AM
Phaseolus_vulgaris,TRUE,2,49,4.89E+13,2.93E+12,10.51720157,10.51720157,1,3,AM,AM,AM
Pisum_sativum,TRUE,2,51,7.90E+13,1.23E+13,32.8836943,32.8836943,0,3,AM,AM,AM
Pithecellobium_dulce,TRUE,2,39,2.58E+13,1.71E+13,8.79750942,8.79750942,0,6,NA,AM,AM
Platycyamus_regnellii,TRUE,2,0,0,6.04E+11,-17.33272236,17.33272236,0,0,AM,AM,AM
Platylobium_formosum,TRUE,2,0,0,2.83E+12,-34.37660906,34.37660906,0,0,NA,EcM,EM
Platylobium_obtusangulum,TRUE,2,0,0,1.28E+12,-36.69836819,36.69836819,0,0,NA,AM,AM
Platypodium_elegans,TRUE,2,0,0,74530640236,8.50542914,8.50542914,0,0,AM,AM,AM
Podalyria_calyptrata,TRUE,2,1,2.67E+12,2.67E+12,-25.48651667,25.48651667,0,1,NA,AM,AM
Podalyria_sericea,TRUE,2,2,1.17E+11,2.67E+12,-25.48651667,25.48651667,0,1,NA,AM,AM
Poecilanthe_parviflora,TRUE,2,0,0,1.14E+13,-25.26021124,25.26021124,0,0,AM,AM,AM
Prosopis_articulata,TRUE,2,0,0,3.61E+11,26.71389106,26.71389106,0,0,AM,AM,AM
Prosopis_cineraria,TRUE,2,2,2.25E+12,8.10E+12,25.71605681,25.71605681,0,8,AM,AM,AM
Prosopis_glandulosa,TRUE,2,13,2.34E+13,2.67E+12,27.34254024,27.34254024,0,4,AM,AM,AM
Prosopis_juliflora,TRUE,2,31,2.91E+13,1.45E+13,18.92656963,18.92656963,0,3,AM,AM,AM
Prosopis_laevigata,TRUE,2,0,0,3.42E+12,6.63149697,6.63149697,0,2,AM,AM,AM
Prosopis_nigra,TRUE,2,0,0,4.44E+12,-28.89789088,28.89789088,0,1,NA,AM,AM
Prosopis_pallida,TRUE,2,4,1.08E+13,4.05E+11,-6.66875068,6.66875068,0,4,NA,AM,AM
Psophocarpus_tetragonolobus,TRUE,2,22,2.66E+13,1.05E+12,-2.59999035,2.59999035,0,4,NA,AM,AM
Psorothamnus_schottii,TRUE,2,0,0,7.02E+11,36.03278011,36.03278011,0,0,NA,AM,AM
Psorothamnus_spinosus,TRUE,2,0,0,2.95E+12,30.48892593,30.48892593,0,0,NA,AM,AM
Pterocarpus_macrocarpus,TRUE,2,4,8.04E+12,4.59E+12,19.7136982,19.7136982,0,2,NA,AM,AM
Pterocarpus_officinalis,TRUE,2,0,0,4.79E+12,5.78049149,5.78049149,0,0,NA,AM,AM
Pterocarpus_rohrii,TRUE,2,0,0,1.44E+13,2.23793588,2.23793588,0,2,NA,AM,AM
Pterodon_emarginatus,FALSE,1,0,0,4.66E+12,-3.96193951,3.96193951,0,4,NA,AM,AM
Pterogyne_nitens,FALSE,1,1,8.24E+11,1.05E+13,-18.33684594,18.33684594,0,2,AM,AM,AM
Pueraria_montana,TRUE,2,11,4.68E+12,9.76E+12,1.22280551,1.22280551,0,7,NA,AM,AM
Pueraria_phaseoloides,TRUE,2,25,1.67E+13,8.37E+12,7.92125254,7.92125254,0,6,AM,AM,AM
Pultenaea_daphnoides,TRUE,2,1,1.15E+11,3.81E+12,-34.81475557,34.81475557,0,0,NA,AM,AM
Pultenaea_scabra,TRUE,2,0,0,2.01E+12,-31.74043124,31.74043124,0,0,NA,EcM,EM
Retama_sphaerocarpa,TRUE,2,2,2.89E+12,3.46E+12,34.66170169,34.66170169,0,0,NA,AM,AM
Rhynchosia_minima,TRUE,2,1,16858731371,5.91E+13,9.98521864,9.98521864,0,3,AM,NA,AM
Robinia_hispida,TRUE,2,11,6.75E+12,2.46E+12,34.64423126,34.64423126,0,1,NA,AM,AM
Schizolobium_parahyba,FALSE,1,10,1.10E+13,9.85E+12,3.499745,3.499745,0,2,AM,AM,AM
Scorodophloeus_zenkeri,FALSE,1,0,0,4.29E+12,-1.38545019,1.38545019,0,0,AM,AM,AM
Scorpiurus_muricatus,TRUE,2,2,2.68E+11,1.56E+13,33.31893815,33.31893815,1,1,AM,AM,AM
Securigera_securidaca,TRUE,2,4,9.75E+12,5.56E+12,38.73265964,38.73265964,1,3,NA,AM,AM
Securigera_varia,TRUE,2,15,2.99E+13,1.83E+13,46.56016777,46.56016777,0,5,NA,AM,AM
Senna_obtusifolia,FALSE,1,20,3.75E+13,2.06E+12,0.53922465,0.53922465,0,5,NA,AM,AM
Senna_occidentalis,FALSE,1,48,3.02E+13,2.75E+13,7.58692452,7.58692452,0,6,NA,AM,AM
Senna_reticulata,FALSE,1,0,0,1.42E+13,6.82754923,6.82754923,0,0,AM,AM,AM
Senna_surattensis,FALSE,1,27,8.97E+12,1.71E+13,10.44699464,10.44699464,0,3,NA,AM,AM
Sesbania_cannabina,TRUE,2,9,6.67E+12,1.03E+13,5.43986796,5.43986796,0,4,NA,AM,AM
Sesbania_grandiflora,TRUE,2,39,1.75E+13,2.38E+12,0.28125397,0.28125397,0,8,AM,AM,AM
Sesbania_punicea,TRUE,2,9,5.33E+12,2.78E+12,-35.37667204,35.37667204,0,3,AM,AM,AM
Sesbania_sesban,TRUE,2,11,9.75E+12,4.17E+13,12.35948341,12.35948341,0,7,AM,AM,AM
Sindora_siamensis,FALSE,1,0,0,4.17E+12,6.40517089,6.40517089,0,4,NA,AM,AM
Sophora_chrysophylla,TRUE,2,0,0,16858731371,20.26898313,20.26898313,0,0,AM,AM,AM
Sophora_davidii,TRUE,2,2,3.25E+12,3.55E+12,31.09521025,31.09521025,0,1,NA,AM,AM
Sophora_tomentosa,TRUE,2,2,3.58E+12,2.64E+13,7.72459812,7.72459812,0,5,NA,AM,AM
Spartium_junceum,TRUE,2,31,2.92E+13,7.56E+12,34.98405536,34.98405536,0,8,AM,AM,AM
Strophostyles_umbellata,TRUE,2,0,0,3.00E+12,35.10328538,35.10328538,0,0,AM,AM,AM
Stryphnodendron_guianense,TRUE,2,0,0,1.22E+13,-5.73342057,5.73342057,0,0,NA,AM,AM
Stylosanthes_fruticosa,TRUE,2,0,0,2.70E+13,1.12232498,1.12232498,0,2,NA,AM,AM
Stylosanthes_guianensis,TRUE,2,23,1.91E+13,5.22E+12,1.48378641,1.48378641,0,2,AM,AM,AM
Stylosanthes_humilis,TRUE,2,14,1.26E+13,3.84E+12,7.096008,7.096008,0,2,NA,AM,AM
Swainsona_phacoides,TRUE,2,0,0,7.62E+12,-25.55398159,25.55398159,0,1,AM,AM,AM
Swartzia_laevicarpa,TRUE,2,0,0,6.80E+12,-0.12535957,0.12535957,0,0,NA,AM,AM
Tachigali_paniculata,TRUE,2,0,0,7.54E+12,-5.65232358,5.65232358,0,0,NA,AM,AM
Tamarindus_indica,FALSE,1,49,4.37E+13,2.04E+13,1.38937214,1.38937214,0,8,AM,AM,AM
Tephrosia_villosa,TRUE,2,0,0,2.57E+13,10.39529783,10.39529783,0,4,NA,AM,AM
Teramnus_labialis,TRUE,2,2,19932606876,3.42E+13,7.29291127,7.29291127,0,2,NA,AM,AM
Tetraberlinia_bifoliolata,FALSE,1,0,0,4.67E+12,-4.66147095,4.66147095,0,1,EM,EcM,EM
Tetraberlinia_moreliana,FALSE,1,0,0,7.25E+11,3.43820774,3.43820774,0,1,EM,EcM,EM
Thermopsis_lanceolata,TRUE,2,0,0,5.52E+12,39.67495457,39.67495457,0,3,AM,AM,AM
Tipuana_tipu,TRUE,2,11,1.49E+13,1.32E+12,-20.5262858,20.5262858,0,6,AM,AM,AM
Trifolium_alexandrinum,TRUE,2,25,2.98E+13,1.31E+11,-7.28863437,7.28863437,1,3,AM,AM,AM
Trifolium_alpestre,TRUE,2,1,45978014489,1.28E+13,47.2663545,47.2663545,0,1,AMNM,AM,AM
Trifolium_ambiguum,TRUE,2,2,9.19E+11,8.60E+12,45.89829828,45.89829828,0,1,AM,AM,AM
Trifolium_angustifolium,TRUE,2,9,8.58E+12,1.11E+13,37.51986559,37.51986559,1,1,NA,AM,AM
Trifolium_arvense,TRUE,2,13,1.37E+13,3.88E+13,42.63744678,42.63744678,1,3,AM,AM,AM
Trifolium_aureum,TRUE,2,7,1.05E+12,2.26E+13,46.74245057,46.74245057,0,3,AM,AM,AM
Trifolium_badium,TRUE,2,0,0,8.85E+12,45.80414434,45.80414434,0,0,AM,NA,AM
Trifolium_campestre,TRUE,2,20,4.09E+13,3.56E+13,40.42564479,40.42564479,1,3,AM,non-mycorrhizal (checked for all types),AM
Trifolium_dasyphyllum,TRUE,2,0,0,1.44E+12,41.19535332,41.19535332,0,0,NA,non-mycorrhizal (checked for all types),NM
Trifolium_dubium,TRUE,2,33,4.03E+13,1.30E+13,42.81116957,42.81116957,1,2,AM,AM,AM
Trifolium_fragiferum,TRUE,2,7,2.39E+13,3.47E+13,39.85261222,39.85261222,0,4,AMNM,AM,AM
Trifolium_glomeratum,TRUE,2,12,1.41E+13,8.45E+12,39.12665103,39.12665103,0,2,AM,AM,AM
Trifolium_hybridum,TRUE,2,29,4.15E+13,2.73E+13,46.91618491,46.91618491,0,3,AMNM,AM,AM
Trifolium_incarnatum,TRUE,2,28,3.16E+13,5.03E+12,45.14121498,45.14121498,1,2,AM,NA,AM
Trifolium_lupinaster,TRUE,2,0,0,2.44E+13,46.12719621,46.12719621,0,2,AM,AM,AM
Trifolium_medium,TRUE,2,4,1.22E+13,2.71E+13,49.85661054,49.85661054,0,3,AM,AM,AM
Trifolium_polyphyllum,FALSE,1,0,0,5.45E+12,47.27798575,47.27798575,0,1,NA,AM,AM
Trifolium_pratense,TRUE,2,27,5.84E+13,3.82E+13,40.12460519,40.12460519,0,7,AMNM,AM,AM
Trifolium_repens,TRUE,2,39,6.31E+13,4.12E+13,41.5648251,41.5648251,0,8,AM,AM,AM
Trifolium_resupinatum,TRUE,2,16,1.54E+13,1.21E+13,39.56886028,39.56886028,1,4,AMNM,AM,AM
Trifolium_spadiceum,TRUE,2,0,0,2.39E+13,51.43231786,51.43231786,0,2,AM,AM,AM
Trifolium_stellatum,TRUE,2,3,4.04E+12,1.06E+13,37.70347598,37.70347598,1,2,NA,non-mycorrhizal (checked for all types),NM
Trifolium_subterraneum,TRUE,2,13,1.47E+13,1.11E+13,39.58268284,39.58268284,1,2,AMNM,AM,AM
Tripodion_tetraphyllum,TRUE,2,0,0,8.38E+12,37.97305081,37.97305081,1,0,NA,AM,AM
Ulex_europaeus,TRUE,2,40,5.40E+13,2.25E+12,37.52703143,37.52703143,0,6,AM,AM,AM
Ulex_gallii,TRUE,2,0,0,1.33E+12,50.37284987,50.37284987,0,0,NA,non-mycorrhizal (checked for all types),NM
Vicia_americana,TRUE,2,0,0,5.92E+12,33.80589323,33.80589323,0,0,NA,AM,AM
Vicia_cassubica,TRUE,2,0,0,1.23E+13,47.25878122,47.25878122,0,1,AMNM,NA,AM
Vicia_cracca,TRUE,2,9,1.02E+13,4.17E+13,45.91831254,45.91831254,0,5,AM,AM,AM
Vicia_faba,TRUE,2,45,9.45E+13,2.84E+11,-25.65537016,25.65537016,1,4,AM,AM,AM
Vicia_hirsuta,TRUE,2,16,1.30E+13,4.23E+13,36.75835276,36.75835276,0,4,AM,AM,AM
Vicia_sativa,TRUE,2,39,5.16E+13,1.87E+13,33.47215976,33.47215976,0,4,AM,AM,AM
Vicia_sepium,TRUE,2,3,5.70E+11,2.53E+13,46.57728502,46.57728502,0,5,AM,AM,AM
Vicia_tenuifolia,TRUE,2,3,2.84E+11,3.04E+13,42.96808331,42.96808331,0,3,AM,AM,AM
Vicia_tetrasperma,TRUE,2,11,8.55E+12,3.74E+13,42.2437501,42.2437501,0,2,AM,AM,AM
Vicia_villosa,TRUE,2,12,1.30E+13,2.92E+13,39.40769423,39.40769423,0,4,AM,AM,AM
Vigna_angularis,TRUE,2,11,5.00E+12,3.26E+11,16.65164518,16.65164518,1,2,NA,AM,AM
Vigna_luteola,TRUE,2,6,3.29E+12,2.49E+13,7.99001409,7.99001409,0,2,AM,AM,AM
Vigna_marina,TRUE,2,4,5763479656,8.32E+12,3.75145798,3.75145798,0,4,AM,AM,AM
Vigna_mungo,TRUE,2,16,1.98E+13,2.85E+12,6.94315476,6.94315476,1,3,AM,NA,AM
Vigna_radiata,TRUE,2,36,4.57E+13,6.34E+12,16.4143009,16.4143009,0,4,AM,AM,AM
Vigna_trilobata,TRUE,2,6,5.04E+12,1.94E+13,19.17627597,19.17627597,0,3,NA,AM,AM
Vigna_unguiculata,TRUE,2,30,1.88E+13,2.09E+13,0.09107861,0.09107861,0,5,AM,AM,AM
Viminaria_juncea,TRUE,2,0,0,6.34E+12,-34.37260051,34.37260051,0,0,NA,AM,AM
Virgilia_oroboides,TRUE,2,8,1.24E+13,2.67E+12,-25.48651667,25.48651667,0,3,NA,AM,AM
Vouacapoua_americana,FALSE,1,0,0,3.50E+12,-1.30857869,1.30857869,0,0,NA,AM,AM
Wisteria_floribunda,TRUE,2,6,1.34E+13,3.71E+11,32.30508668,32.30508668,0,5,NA,AM,AM
Wisteria_sinensis,TRUE,2,24,8.57E+12,1.35E+12,29.23043211,29.23043211,0,5,AM,AM,AM
Xeroderris_stuhlmannii,TRUE,2,0,0,1.23E+13,-2.12954975,2.12954975,0,3,NA,AM,AM
