Phy,mycorrhiza.type,Consensus_state,Number,Fraction
Abarema_jupunba,AM; others not addressed,AM,1,1
Abrus_precatorius,AM; others not addressed,AM,5,1
Acacia_alata,AM; no others,AM,3,1
Acacia_alleniana,AM; no others,AM,1,1
Acacia_ampliceps,AM; others not addressed,AM,1,1
Acacia_ancistrocarpa,AM; no others,AM,1,1
Acacia_aneura,AM; others not addressed,EM,6,0.666666667
Acacia_aulacocarpa,AM; no others,AM,5,0.8
Acacia_auriculiformis,AM; others not addressed,AM,22,0.863636364
Acacia_cincinnata,AM; no others,AM,1,1
Acacia_cochliacantha,AM; others not addressed,AM,1,1
Acacia_concurrens,AM; no others,AM,2,1
Acacia_confusa,non-mycorrhizal (checked for all types),AM,2,0.5
Acacia_cyclops,AM; no others,AM,1,1
Acacia_dealbata,AM; others not addressed,AM,7,0.571428571
Acacia_decurrens,EcM; no others,AM,8,0.625
Acacia_dimidiata,"EcM,AM",AM,3,0.666666667
Acacia_dunnii,AM; no others,AM,1,1
Acacia_extensa,AM; no others,AM,3,1
Acacia_floribunda,AM; no others,AM,2,1
Acacia_gonocarpa,"EcM,AM",AM,3,0.666666667
Acacia_holosericea,AM; no others,AM,20,0.6
Acacia_implexa,"EcM,AM",EM,3,0.666666667
Acacia_koa,AM; no others,AM,2,1
Acacia_latescens,AM; no others,AM,5,0.8
Acacia_leptocarpa,AM; others not addressed,AM,1,1
Acacia_ligulata,AM; no others,AM,1,1
Acacia_linifolia,"EcM,AM",AM,3,0.666666667
Acacia_mangium,AM; others not addressed,AM,18,0.722222222
Acacia_mearnsii,AM; others not addressed,AM,5,0.8
Acacia_melanoxylon,EcM; no others,,,
Acacia_melanoxylon,"EcM,AM",,,
Acacia_melanoxylon,EcM; no others,,,
Acacia_melanoxylon,EcM; others not addressed,,,
Acacia_mimula,"EcM,AM",,,
Acacia_mimula,"EcM,AM",,,
Acacia_mimula,AM; no others,,,
Acacia_mimula,"EcM,AM",,,
Acacia_monticola,"EcM,AM",,,
Acacia_myrtifolia,"EcM,AM",,,
Acacia_myrtifolia,"EcM,AM",,,
Acacia_myrtifolia,EcM; others not addressed,,,
Acacia_myrtifolia,non-EcM; others not addressed,,,
Acacia_myrtifolia,non-EcM; others not addressed,,,
Acacia_notabilis,non-EcM; others not addressed,,,
Acacia_oncinocarpa,"EcM,AM",,,
Acacia_oncinocarpa,"EcM,AM",,,
Acacia_oncinocarpa,AM; no others,,,
Acacia_oncinocarpa,AM; no others,,,
Acacia_oncinocarpa,AM; no others,,,
Acacia_oncinocarpa,AM; no others,,,
Acacia_pellita,"EcM,AM",,,
Acacia_platycarpa,EcM; no others,,,
Acacia_platycarpa,AM; no others,,,
Acacia_platycarpa,EcM; no others,,,
Acacia_plectocarpa,"EcM,AM",,,
Acacia_plectocarpa,"EcM,AM",,,
Acacia_plectocarpa,AM; no others,,,
Acacia_plectocarpa,EcM; no others,,,
Acacia_pravissima,EcM; no others,,,
Acacia_pulchella,AM; no others,,,
Acacia_pulchella,AM; no others,,,
Acacia_pulchella,AM; no others,,,
Acacia_pulchella,AM; no others,,,
Acacia_pulchella,AM; no others,,,
Acacia_pulchella,AM; no others,,,
Acacia_pulchella,"EcM,AM",,,
Acacia_pycnantha,AM; no others,,,
Acacia_pycnantha,AM; no others,,,
Acacia_pycnantha,EcM; no others,,,
Acacia_pycnantha,EcM; others not addressed,,,
Acacia_pyrifolia,AM; no others,,,
Acacia_pyrifolia,AM; no others,,,
Acacia_pyrifolia,AM; no others,,,
Acacia_retinodes,EcM; no others,,,
Acacia_retinodes,EcM; no others,,,
Acacia_retinodes,EcM; others not addressed,,,
Acacia_retinodes,EcM; others not addressed,,,
Acacia_retinodes,non-EcM; others not addressed,,,
Acacia_richii,AM; no others,,,
Acacia_richii,AM; no others,,,
Acacia_rigens,"EcM,AM",,,
Acacia_rothii,"EcM,AM",,,
Acacia_rothii,"EcM,AM",,,
Acacia_rubida,EcM; no others,,,
Acacia_rubida,EcM; no others,,,
Acacia_rubida,EcM; others not addressed,,,
Acacia_salicina,AM; no others,,,
Acacia_salicina,EcM; no others,,,
Acacia_salicina,EcM; no others,,,
Acacia_salicina,EcM; others not addressed,,,
Acacia_saligna,AM; no others,,,
Acacia_saligna,AM; no others,,,
Acacia_saligna,AM; no others,,,
Acacia_saligna,AM; no others,,,
Acacia_saligna,AM; no others,,,
Acacia_saligna,AM; no others,,,
Acacia_saligna,AM; no others,,,
Acacia_saligna,AM; no others,,,
Acacia_simsii,"EcM,AM",,,
Acacia_simsii,"EcM,AM",,,
Acacia_sparsiflora,EcM; no others,,,
Acacia_sparsiflora,EcM; no others,,,
Acacia_spathulifolia,AM; no others,,,
Acacia_spinescens,AM; no others,,,
Acacia_stenophylla,AM; no others,,,
Acacia_stricta,"EcM,AM",,,
Acacia_stricta,"EcM,AM",,,
Acacia_suaveolens,AM; no others,,,
Acacia_suaveolens,AM; no others,,,
Acacia_suaveolens,"EcM,AM",,,
Acacia_torulosa,AM; no others,,,
Acacia_torulosa,AM; no others,,,
Acacia_torulosa,AM; no others,,,
Acacia_torulosa,AM; no others,,,
Acacia_torulosa,"EcM,AM",,,
Acacia_trachycarpa,"EcM,AM",,,
Acacia_translucens,"EcM,AM",,,
Acacia_tumida,AM; no others,,,
Acacia_tumida,AM; no others,,,
Acacia_ulicifolia,"EcM,AM",,,
Acacia_urophylla,AM; no others,,,
Acacia_urophylla,AM; no others,,,
Acacia_verniciflua,AM; no others,,,
Acacia_verticillata,EcM; no others,,,
Acacia_verticillata,EcM; no others,,,
Acacia_verticillata,EcM; others not addressed,,,
Acacia_yirrkallensis,AM; no others,,,
Acacia_yirrkallensis,AM; no others,,,
Acacia_yirrkallensis,AM; no others,,,
Acmispon_brachycarpus,AM; others not addressed,,,
Acmispon_subpinnatus,AM; others not addressed,,,
Acrocarpus_fraxinifolius,AM; others not addressed,,,
Adesmia_retusa,AM; no others,,,
Aeschynomene_americana,AM; others not addressed,,,
Aeschynomene_americana,AM; others not addressed,,,
Aeschynomene_americana,AM; others not addressed,,,
Aeschynomene_americana,AM; others not addressed,,,
Aeschynomene_aspera,non-AM; others not addressed,,,
Aeschynomene_aspera,AM; others not addressed,,,
Aeschynomene_aspera,AM; others not addressed,,,
Aeschynomene_indica,AM; others not addressed,,,
Aeschynomene_indica,AM; others not addressed,,,
Aeschynomene_indica,AM; others not addressed,,,
Aeschynomene_indica,AM; others not addressed,,,
Aeschynomene_indica,AM; others not addressed,,,
Albizia_amara,AM; others not addressed,,,
Albizia_amara,AM; others not addressed,,,
Albizia_amara,AM; others not addressed,,,
Albizia_chinensis,AM; others not addressed,,,
Albizia_coriaria,AM; no others,,,
Albizia_gummifera,AM; no others,,,
Albizia_gummifera,AM; others not addressed,,,
Albizia_gummifera,AM; others not addressed,,,
Albizia_inundata,AM; no others,,,
Albizia_inundata,AM; others not addressed,,,
Albizia_julibrissin,AM; others not addressed,,,
Albizia_julibrissin,"EcM,AM",,,
Albizia_julibrissin,AM; others not addressed,,,
Albizia_kalkora,AM; others not addressed,,,
Albizia_kalkora,AM; others not addressed,,,
Albizia_kalkora,AM; no others,,,
Albizia_lebbeck,non-AM; others not addressed,,,
Albizia_lebbeck,AM; others not addressed,,,
Albizia_lebbeck,AM; others not addressed,,,
Albizia_lebbeck,AM; others not addressed,,,
Albizia_lebbeck,AM; no others,,,
Albizia_lebbeck,AM; others not addressed,,,
Albizia_lebbeck,AM; others not addressed,,,
Albizia_lebbeck,AM; others not addressed,,,
Albizia_lebbeck,AM; others not addressed,,,
Albizia_lebbeck,AM; others not addressed,,,
Albizia_lebbeck,AM; others not addressed,,,
Albizia_lebbeck,non-mycorrhizal (checked for all types),,,
Albizia_lucidior,"EcM,AM",,,
Albizia_niopoides,AM; others not addressed,,,
Albizia_niopoides,AM; others not addressed,,,
Albizia_odoratissima,non-AM; others not addressed,,,
Albizia_odoratissima,AM; no others,,,
Albizia_odoratissima,AM; no others,,,
Albizia_odoratissima,AM; no others,,,
Albizia_procera,AM; others not addressed,,,
Albizia_procera,AM; no others,,,
Albizia_procera,AM; others not addressed,,,
Albizia_procera,AM; no others,,,
Albizia_procera,AM; no others,,,
Albizia_schimperiana,AM; others not addressed,,,
Albizia_schimperiana,AM; others not addressed,,,
Albizia_versicolor,AM; no others,,,
Aldina_latifolia,EcM; no others,,,
Aldina_latifolia,EcM; others not addressed,,,
Alhagi_maurorum,AM; others not addressed,,,
Alhagi_maurorum,AM; others not addressed,,,
Alhagi_maurorum,AM; others not addressed,,,
Alhagi_maurorum,AM; others not addressed,,,
Alhagi_sparsifolia,non-AM; others not addressed,,,
Alhagi_sparsifolia,AM; others not addressed,,,
Alysicarpus_glumaceus,AM; no others,,,
Alysicarpus_monilifer,AM; others not addressed,,,
Alysicarpus_monilifer,AM; others not addressed,,,
Alysicarpus_monilifer,AM; others not addressed,,,
Alysicarpus_monilifer,AM; others not addressed,,,
Alysicarpus_monilifer,AM; others not addressed,,,
Alysicarpus_rugosus,non-AM; others not addressed,,,
Alysicarpus_rugosus,AM; others not addressed,,,
Alysicarpus_rugosus,AM; no others,,,
Alysicarpus_vaginalis,AM; others not addressed,,,
Alysicarpus_vaginalis,AM; others not addressed,,,
Alysicarpus_vaginalis,AM; others not addressed,,,
Alysicarpus_vaginalis,AM; no others,,,
Alysicarpus_vaginalis,AM; others not addressed,,,
Alysicarpus_vaginalis,AM; others not addressed,,,
Alysicarpus_vaginalis,AM; no others,,,
Alysicarpus_vaginalis,AM; no others,,,
Alysicarpus_vaginalis,AM; no others,,,
Amburana_cearensis,AM; others not addressed,,,
Ammopiptanthus_mongolicus,AM; others not addressed,,,
Amorpha_canescens,AM; others not addressed,,,
Amorpha_canescens,AM; others not addressed,,,
Amorpha_fruticosa,AM; others not addressed,,,
Amorpha_fruticosa,AM; no others,,,
Amphicarpaea_bracteata,AM; others not addressed,,,
Amphicarpaea_bracteata,AM; others not addressed,,,
Amphicarpaea_bracteata,AM; others not addressed,,,
Anadenanthera_colubrina,AM; others not addressed,,,
Anadenanthera_colubrina,AM; others not addressed,,,
Anadenanthera_colubrina,AM; others not addressed,,,
Anadenanthera_colubrina,AM; others not addressed,,,
Anadenanthera_colubrina,AM; others not addressed,,,
Anadenanthera_peregrina,AM; others not addressed,,,
Anadenanthera_peregrina,AM; others not addressed,,,
Anadenanthera_peregrina,AM; others not addressed,,,
Anadenanthera_peregrina,AM; others not addressed,,,
Anadenanthera_peregrina,AM; others not addressed,,,
Andira_coriacea,AM; others not addressed,,,
Andira_inermis,AM; no others,,,
Andira_inermis,AM; others not addressed,,,
Anthyllis_cytisoides,AM; others not addressed,,,
Anthyllis_cytisoides,AM; others not addressed,,,
Anthyllis_cytisoides,AM; others not addressed,,,
Anthyllis_cytisoides,AM; others not addressed,,,
Anthyllis_vulneraria,AM; others not addressed,,,
Anthyllis_vulneraria,non-mycorrhizal (checked for all types),,,
Anthyllis_vulneraria,non-mycorrhizal (checked for all types),,,
Anthyllis_vulneraria,AM; others not addressed,,,
Anthyllis_vulneraria,AM; others not addressed,,,
Anthyllis_vulneraria,AM; others not addressed,,,
Anthyllis_vulneraria,AM; others not addressed,,,
Anthyllis_vulneraria,non-mycorrhizal (checked for all types),,,
Anthyllis_vulneraria,AM; others not addressed,,,
Anthyllis_vulneraria,AM; no others,,,
Apuleia_leiocarpa,AM; no others,,,
Arachis_hypogaea,AM; others not addressed,,,
Arachis_hypogaea,AM; others not addressed,,,
Arachis_hypogaea,AM; others not addressed,,,
Arachis_hypogaea,AM; others not addressed,,,
Arachis_hypogaea,AM; no others,,,
Arachis_hypogaea,AM; others not addressed,,,
Arachis_hypogaea,AM; others not addressed,,,
Arachis_hypogaea,AM; others not addressed,,,
Arachis_hypogaea,AM; others not addressed,,,
Arachis_hypogaea,AM; others not addressed,,,
Arachis_hypogaea,AM; others not addressed,,,
Arachis_hypogaea,AM; others not addressed,,,
Archidendron_clypearia,AM; others not addressed,,,
Archidendron_lucidum,AM; others not addressed,,,
Aspalathus_albens,AM; no others,,,
Aspalathus_cordata,AM; others not addressed,,,
Aspalathus_divaricata,non-mycorrhizal (checked for all types),,,
Aspalathus_flexuosa,AM; no others,,,
Aspalathus_linearis,AM; others not addressed,,,
Aspalathus_linearis,AM; no others,,,
Aspalathus_spinescens,AM; others not addressed,,,
Aspalathus_spinescens,AM; no others,,,
Aspalathus_ternata,AM; no others,,,
Astragalus_adsurgens,AM; others not addressed,,,
Astragalus_adsurgens,non-AM; others not addressed,,,
Astragalus_alopecias,AM; others not addressed,,,
Astragalus_alpinus,AM; no others,,,
Astragalus_alpinus,non-mycorrhizal (checked for all types),,,
Astragalus_alpinus,non-mycorrhizal (checked for all types),,,
Astragalus_alpinus,non-mycorrhizal (checked for all types),,,
Astragalus_alpinus,non-AM; others not addressed,,,
Astragalus_alpinus,non-mycorrhizal (checked for all types),,,
Astragalus_alpinus,non-mycorrhizal (checked for all types),,,
Astragalus_bisulcatus,AM; others not addressed,,,
Astragalus_chlorostachys,AM; others not addressed,,,
Astragalus_crassicarpus,AM; others not addressed,,,
Astragalus_danicus,AM; others not addressed,,,
Astragalus_danicus,AM; others not addressed,,,
Astragalus_danicus,non-mycorrhizal (checked for all types),,,
Astragalus_drummondii,AM; others not addressed,,,
Astragalus_filicaulis,AM; others not addressed,,,
Astragalus_frigidus,non-AM; others not addressed,,,
Astragalus_frigidus,non-mycorrhizal (checked for all types),,,
Astragalus_gambelianus,AM; others not addressed,,,
Astragalus_graveolens,AM; no others,,,
Astragalus_kentrophyta,AM; others not addressed,,,
Astragalus_kentrophyta,non-mycorrhizal (checked for all types),,,
Astragalus_lehmannianus,non-mycorrhizal (checked for all types),,,
Astragalus_monspessulanus,AM; others not addressed,,,
Astragalus_monspessulanus,AM; others not addressed,,,
Astragalus_monspessulanus,non-mycorrhizal (checked for all types),,,
Astragalus_monspessulanus,AM; others not addressed,,,
Astragalus_onobrychis,AM; others not addressed,,,
Astragalus_onobrychis,AM; no others,,,
Astragalus_oxyglottis,AM; others not addressed,,,
Astragalus_pectinatus,AM; others not addressed,,,
Astragalus_purshii,AM; no others,,,
Astragalus_scaberrimus,AM; others not addressed,,,
Astragalus_sinicus,AM; others not addressed,,,
Astragalus_sinicus,AM; others not addressed,,,
Astragalus_sinicus,AM; others not addressed,,,
Astragalus_tribuloides,AM; others not addressed,,,
Astragalus_umbellatus,AM; no others,,,
Baikiaea_insignis,AM; no others,,,
Baikiaea_insignis,EcM; no others,,,
Baikiaea_plurijuga,AM; no others,,,
Baphia_laurifolia,"EcM,AM",,,
Baphia_laurifolia,"EcM,AM",,,
Baptisia_alba,AM; others not addressed,,,
Baptisia_alba,AM; others not addressed,,,
Baptisia_alba,AM; others not addressed,,,
Bauhinia_acuminata,AM; no others,,,
Bauhinia_diphylla,AM; no others,,,
Bauhinia_forficata,AM; no others,,,
Bauhinia_forficata,AM; others not addressed,,,
Bauhinia_forficata,AM; others not addressed,,,
Bauhinia_forficata,AM; others not addressed,,,
Bauhinia_galpinii,AM; no others,,,
Bauhinia_guianensis,AM; no others,,,
Bauhinia_malabarica,EcM; no others,,,
Bauhinia_malabarica,EcM; no others,,,
Bauhinia_ornata,AM; no others,,,
Bauhinia_petersiana,AM; no others,,,
Bauhinia_petersiana,AM; no others,,,
Bauhinia_petersiana,AM; no others,,,
Bauhinia_pulchella,non-mycorrhizal (checked for all types),,,
Bauhinia_racemosa,AM; others not addressed,,,
Bauhinia_racemosa,AM; others not addressed,,,
Bauhinia_racemosa,AM; others not addressed,,,
Bauhinia_racemosa,AM; no others,,,
Bauhinia_rufa,AM; others not addressed,,,
Bauhinia_rufa,EcM; no others,,,
Bauhinia_tomentosa,non-AM; others not addressed,,,
Bauhinia_variegata,AM; no others,,,
Bauhinia_variegata,non-AM; others not addressed,,,
Bauhinia_variegata,AM; no others,,,
Bauhinia_variegata,AM; no others,,,
Bauhinia_variegata,AM; no others,,,
Berlinia_bracteosa,EcM; others not addressed,,,
Berlinia_bracteosa,EcM; no others,,,
Berlinia_bracteosa,EcM; no others,,,
Berlinia_craibiana,EcM; no others,,,
Berlinia_craibiana,EcM; no others,,,
Bossiaea_aquifolium,AM; no others,,,
Bossiaea_aquifolium,AM; no others,,,
Bossiaea_aquifolium,AM; no others,,,
Bossiaea_bossiaeoides,AM; no others,,,
Bossiaea_bossiaeoides,AM; no others,,,
Bossiaea_eriocarpa,AM; no others,,,
Bossiaea_ornata,AM; no others,,,
Bossiaea_ornata,AM; no others,,,
Bossiaea_ornata,AM; no others,,,
Bossiaea_prostrata,AM; no others,,,
Brachystegia_boehmii,EcM; no others,,,
Brachystegia_boehmii,EcM; no others,,,
Brachystegia_boehmii,EcM; others not addressed,,,
Brachystegia_boehmii,EcM; no others,,,
Brachystegia_boehmii,EcM; others not addressed,,,
Brachystegia_bussei,EcM; no others,,,
Brachystegia_bussei,EcM; others not addressed,,,
Brachystegia_bussei,EcM; others not addressed,,,
Brachystegia_cynometroides,EcM; others not addressed,,,
Brachystegia_floribunda,EcM; no others,,,
Brachystegia_floribunda,EcM; others not addressed,,,
Brachystegia_laurentii,EcM; others not addressed,,,
Brachystegia_laurentii,EcM; others not addressed,,,
Brachystegia_microphylla,EcM; no others,,,
Brachystegia_microphylla,EcM; others not addressed,,,
Brachystegia_microphylla,EcM; no others,,,
Brachystegia_microphylla,EcM; others not addressed,,,
Brachystegia_utilis,EcM; others not addressed,,,
Brachystegia_utilis,EcM; no others,,,
Brownea_ariza,non-mycorrhizal (checked for all types),,,
Butea_monosperma,AM; others not addressed,,,
Butea_monosperma,AM; others not addressed,,,
Butea_monosperma,AM; no others,,,
Caesalpinia_bonduc,non-AM; others not addressed,,,
Caesalpinia_crista,AM; no others,,,
Caesalpinia_decapetala,AM; others not addressed,,,
Caesalpinia_decapetala,"EcM,AM",,,
Caesalpinia_echinata,AM; others not addressed,,,
Caesalpinia_eriostachys,AM; others not addressed,,,
Caesalpinia_ferrea,AM; others not addressed,,,
Caesalpinia_ferrea,AM; others not addressed,,,
Caesalpinia_ferrea,AM; others not addressed,,,
Caesalpinia_ferrea,AM; others not addressed,,,
Caesalpinia_gilliesii,AM; no others,,,
Caesalpinia_gilliesii,AM; no others,,,
Caesalpinia_gilliesii,AM; others not addressed,,,
Caesalpinia_gilliesii,AM; others not addressed,,,
Caesalpinia_gilliesii,AM; no others,,,
Caesalpinia_pluviosa,AM; others not addressed,,,
Caesalpinia_pluviosa,non-mycorrhizal (checked for all types),,,
Caesalpinia_pluviosa,AM; others not addressed,,,
Cajanus_acutifolius,AM; no others,,,
Cajanus_cajan,AM; others not addressed,,,
Cajanus_cajan,AM; others not addressed,,,
Cajanus_cajan,AM; others not addressed,,,
Cajanus_cajan,AM; others not addressed,,,
Cajanus_cajan,AM; others not addressed,,,
Cajanus_cajan,AM; others not addressed,,,
Cajanus_cajan,AM; others not addressed,,,
Cajanus_cajan,AM; others not addressed,,,
Cajanus_cajan,AM; others not addressed,,,
Cajanus_cajan,AM; others not addressed,,,
Cajanus_cajan,AM; others not addressed,,,
Cajanus_cajan,AM; others not addressed,,,
Cajanus_cajan,AM; others not addressed,,,
Cajanus_scarabaeoides,AM; others not addressed,,,
Cajanus_scarabaeoides,AM; others not addressed,,,
Cajanus_scarabaeoides,AM; others not addressed,,,
Cajanus_scarabaeoides,AM; others not addressed,,,
Cajanus_scarabaeoides,AM; others not addressed,,,
Cajanus_scarabaeoides,AM; others not addressed,,,
Cajanus_scarabaeoides,AM; no others,,,
Cajanus_scarabaeoides,AM; no others,,,
Calliandra_brevipes,AM; no others,,,
Calliandra_eriophylla,AM; others not addressed,,,
Calliandra_erubescens,AM; no others,,,
Calliandra_haematocephala,non-mycorrhizal (checked for all types),,,
Calliandra_parvifolia,"EcM,AM",,,
Calopogonium_caeruleum,AM; others not addressed,,,
Calpocalyx_dinklagei,AM; no others,,,
Calpocalyx_dinklagei,AM; no others,,,
Calpocalyx_dinklagei,EcM; no others,,,
Campsiandra_comosa,AM; others not addressed,,,
Canavalia_cathartica,AM; others not addressed,,,
Canavalia_gladiata,AM; others not addressed,,,
Canavalia_gladiata,AM; others not addressed,,,
Canavalia_lineata,AM; others not addressed,,,
Canavalia_lineata,AM; others not addressed,,,
Canavalia_lineata,AM; others not addressed,,,
Canavalia_rosea,AM; others not addressed,,,
Canavalia_rosea,AM; others not addressed,,,
Canavalia_rosea,AM; others not addressed,,,
Caragana_arborescens,AM; others not addressed,,,
Caragana_arborescens,AM; others not addressed,,,
Caragana_arborescens,AM; others not addressed,,,
Caragana_arborescens,AM; no others,,,
Caragana_korshinskii,AM; others not addressed,,,
Caragana_sinica,AM; others not addressed,,,
Caragana_turkestanica,AM; others not addressed,,,
Carmichaelia_petriei,AM; others not addressed,,,
Cassia_abbreviata,AM; no others,,,
Cassia_fistula,AM; no others,,,
Cassia_fistula,AM; others not addressed,,,
Cassia_fistula,AM; others not addressed,,,
Cassia_fistula,EcM; no others,,,
Cassia_fistula,AM; no others,,,
Cassia_fistula,AM; others not addressed,,,
Cassia_fistula,AM; others not addressed,,,
Cassia_fistula,EcM; no others,,,
Cassia_fistula,AM; no others,,,
Cassia_fistula,AM; no others,,,
Cassia_fistula,AM; no others,,,
Cassia_grandis,AM; others not addressed,,,
Cassia_grandis,AM; no others,,,
Cassia_grandis,AM; others not addressed,,,
Cassia_roxburghii,AM; others not addressed,,,
Castanospermum_australe,AM; others not addressed,,,
Cedrelinga_cateniformis,AM; others not addressed,,,
Cedrelinga_cateniformis,AM; others not addressed,,,
Cedrelinga_cateniformis,AM; no others,,,
Cedrelinga_cateniformis,"EcM,AM",,,
Centrolobium_robustum,AM; others not addressed,,,
Centrolobium_tomentosum,AM; others not addressed,,,
Centrolobium_tomentosum,AM; others not addressed,,,
Centrolobium_tomentosum,AM; others not addressed,,,
Centrolobium_tomentosum,AM; others not addressed,,,
Centrolobium_tomentosum,AM; others not addressed,,,
Centrosema_brasilianum,AM; others not addressed,,,
Centrosema_pascuorum,AM; others not addressed,,,
Centrosema_pubescens,AM; others not addressed,,,
Centrosema_pubescens,AM; others not addressed,,,
Centrosema_pubescens,AM; no others,,,
Centrosema_venosum,AM; no others,,,
Centrosema_venosum,AM; no others,,,
Ceratonia_siliqua,AM; others not addressed,,,
Ceratonia_siliqua,AM; others not addressed,,,
Cercis_canadensis,EcM; no others,,,
Cercis_siliquastrum,AM; others not addressed,,,
Chamaecrista_absus,AM; others not addressed,,,
Chamaecrista_absus,AM; others not addressed,,,
Chamaecrista_absus,AM; others not addressed,,,
Chamaecrista_absus,AM; others not addressed,,,
Chamaecrista_absus,AM; others not addressed,,,
Chamaecrista_apoucouita,AM; no others,,,
Chamaecrista_chamaecristoides,AM; others not addressed,,,
Chamaecrista_desvauxii,AM; no others,,,
Chamaecrista_desvauxii,AM; no others,,,
Chamaecrista_nictitans,AM; others not addressed,,,
Chamaecrista_nomame,AM; others not addressed,,,
Chamaecrista_pumila,non-mycorrhizal (checked for all types),,,
Chamaecrista_ramosa,AM; others not addressed,,,
Chamaecrista_rotundifolia,AM; others not addressed,,,
Chorizema_cordatum,EcM; others not addressed,,,
Chorizema_diversifolium,EcM; others not addressed,,,
Cicer_arietinum,AM; others not addressed,,,
Cicer_arietinum,AM; others not addressed,,,
Cicer_arietinum,AM; others not addressed,,,
Cicer_arietinum,AM; others not addressed,,,
Cicer_arietinum,AM; others not addressed,,,
Cicer_arietinum,AM; others not addressed,,,
Cladrastis_sikokiana,AM; others not addressed,,,
Clathrotropis_macrocarpa,AM; no others,,,
Clitoria_amazonum,AM; no others,,,
Clitoria_fairchildiana,AM; others not addressed,,,
Clitoria_fairchildiana,AM; others not addressed,,,
Clitoria_fairchildiana,AM; others not addressed,,,
Clitoria_fairchildiana,AM; others not addressed,,,
Clitoria_ternatea,AM; others not addressed,,,
Clitoria_ternatea,AM; others not addressed,,,
Clitoria_ternatea,AM; others not addressed,,,
Clitoria_ternatea,AM; others not addressed,,,
Clitoria_ternatea,AM; others not addressed,,,
Clitoria_ternatea,AM; others not addressed,,,
Clitoria_ternatea,AM; others not addressed,,,
Clitoria_ternatea,AM; no others,,,
Clitoria_ternatea,AM; no others,,,
Codariocalyx_motorius,non-mycorrhizal (checked for all types),,,
Colvillea_racemosa,AM; others not addressed,,,
Copaifera_langsdorffii,AM; others not addressed,,,
Copaifera_langsdorffii,AM; others not addressed,,,
Copaifera_langsdorffii,AM; others not addressed,,,
Copaifera_langsdorffii,AM; others not addressed,,,
Copaifera_langsdorffii,AM; others not addressed,,,
Copaifera_officinalis,AM; no others,,,
Coronilla_scorpioides,AM; no others,,,
Crotalaria_albida,AM; others not addressed,,,
Crotalaria_albida,AM; no others,,,
Crotalaria_angulata,AM; others not addressed,,,
Crotalaria_assamica,AM; others not addressed,,,
Crotalaria_brevis,AM; no others,,,
Crotalaria_burhia,AM; others not addressed,,,
Crotalaria_burhia,AM; others not addressed,,,
Crotalaria_burhia,AM; others not addressed,,,
Crotalaria_burhia,AM; no others,,,
Crotalaria_incana,AM; others not addressed,,,
Crotalaria_incana,AM; others not addressed,,,
Crotalaria_juncea,AM; others not addressed,,,
Crotalaria_juncea,AM; others not addressed,,,
Crotalaria_juncea,non-AM; others not addressed,,,
Crotalaria_juncea,AM; others not addressed,,,
Crotalaria_juncea,AM; no others,,,
Crotalaria_juncea,AM; others not addressed,,,
Crotalaria_laburnifolia,AM; others not addressed,,,
Crotalaria_linifolia,AM; others not addressed,,,
Crotalaria_medicaginea,AM; others not addressed,,,
Crotalaria_medicaginea,AM; others not addressed,,,
Crotalaria_medicaginea,AM; no others,,,
Crotalaria_mysorensis,AM; others not addressed,,,
Crotalaria_mysorensis,AM; others not addressed,,,
Crotalaria_nana,non-AM; others not addressed,,,
Crotalaria_ochroleuca,AM; others not addressed,,,
Crotalaria_pallida,AM; others not addressed,,,
Crotalaria_pallida,AM; others not addressed,,,
Crotalaria_prostrata,AM; others not addressed,,,
Crotalaria_prostrata,AM; others not addressed,,,
Crotalaria_prostrata,AM; others not addressed,,,
Crotalaria_prostrata,AM; others not addressed,,,
Crotalaria_quinquefolia,AM; no others,,,
Crotalaria_quinquefolia,AM; others not addressed,,,
Crotalaria_quinquefolia,AM; others not addressed,,,
Crotalaria_quinquefolia,AM; others not addressed,,,
Crotalaria_retusa,AM; others not addressed,,,
Crotalaria_retusa,AM; others not addressed,,,
Crotalaria_trichotoma,AM; others not addressed,,,
Crotalaria_verrucosa,AM; others not addressed,,,
Crotalaria_verrucosa,AM; others not addressed,,,
Crotalaria_verrucosa,AM; others not addressed,,,
Crotalaria_verrucosa,AM; others not addressed,,,
Crotalaria_verrucosa,AM; others not addressed,,,
Crotalaria_verrucosa,AM; others not addressed,,,
Crudia_aromatica,AM; others not addressed,,,
Cullen_corylifolium,AM; others not addressed,,,
Cyamopsis_tetragonoloba,non-AM; others not addressed,,,
Cylicodiscus_gabunensis,AM; others not addressed,,,
Cynometra_hankei,AM; no others,,,
Cytisus_austriacus,AM; others not addressed,,,
Cytisus_purpureus,AM; others not addressed,,,
Cytisus_ruthenicus,AM; others not addressed,,,
Cytisus_scoparius,AM; others not addressed,,,
Cytisus_scoparius,AM; others not addressed,,,
Cytisus_scoparius,AM; others not addressed,,,
Cytisus_scoparius,non-EcM; others not addressed,,,
Dalbergia_assamica,EcM; no others,,,
Dalbergia_assamica,EcM; no others,,,
Dalbergia_assamica,AM; no others,,,
Dalbergia_horrida,non-mycorrhizal (checked for all types),,,
Dalbergia_hupeana,AM; others not addressed,,,
Dalbergia_hupeana,"EcM,AM",,,
Dalbergia_inundata,AM; no others,,,
Dalbergia_lanceolaria,non-AM; others not addressed,,,
Dalbergia_latifolia,AM; others not addressed,,,
Dalbergia_latifolia,AM; others not addressed,,,
Dalbergia_latifolia,AM; no others,,,
Dalbergia_maritima,AM; no others,,,
Dalbergia_melanoxylon,AM; others not addressed,,,
Dalbergia_melanoxylon,AM; others not addressed,,,
Dalbergia_melanoxylon,AM; no others,,,
Dalbergia_melanoxylon,AM; no others,,,
Dalbergia_nigra,AM; others not addressed,,,
Dalbergia_nigra,AM; others not addressed,,,
Dalbergia_nitidula,AM; no others,,,
Dalbergia_nitidula,AM; no others,,,
Dalbergia_obtusifolia,AM; others not addressed,,,
Dalbergia_obtusifolia,AM; others not addressed,,,
Dalbergia_oliveri,AM; no others,,,
Dalbergia_oliveri,AM; no others,,,
Dalbergia_oliveri,AM; no others,,,
Dalbergia_oliveri,AM; no others,,,
Dalbergia_sissoo,AM; others not addressed,,,
Dalbergia_sissoo,AM; others not addressed,,,
Dalbergia_sissoo,AM; others not addressed,,,
Dalbergia_sissoo,AM; others not addressed,,,
Dalbergia_sissoo,AM; others not addressed,,,
Dalbergia_sissoo,AM; others not addressed,,,
Dalbergia_sissoo,AM; others not addressed,,,
Dalbergia_sissoo,AM; others not addressed,,,
Dalbergia_sissoo,AM; no others,,,
Dalbergia_sissoo,AM; no others,,,
Dalbergia_sissoo,AM; others not addressed,,,
Dalbergia_sissoo,AM; others not addressed,,,
Dalbergia_sissoo,AM; no others,,,
Dalbergia_sissoo,AM; no others,,,
Dalbergia_sissoo,AM; no others,,,
Dalea_candida,AM; others not addressed,,,
Daviesia_cordata,non-mycorrhizal (checked for all types),,,
Daviesia_cordata,non-mycorrhizal (checked for all types),,,
Daviesia_cordata,non-mycorrhizal (checked for all types),,,
Daviesia_corymbosa,AM; others not addressed,,,
Daviesia_corymbosa,EcM; others not addressed,,,
Daviesia_decurrens,non-mycorrhizal (checked for all types),,,
Daviesia_decurrens,non-mycorrhizal (checked for all types),,,
Daviesia_leptophylla,EcM; no others,,,
Dendrolobium_triangulare,AM; others not addressed,,,
Derris_scandens,non-AM; others not addressed,,,
Derris_scandens,AM; no others,,,
Derris_trifoliata,AM; others not addressed,,,
Derris_trifoliata,non-AM; others not addressed,,,
Derris_trifoliata,non-mycorrhizal (checked for all types),,,
Derris_trifoliata,non-mycorrhizal (checked for all types),,,
Derris_trifoliata,AM; no others,,,
Derris_trifoliata,AM; no others,,,
Derris_trifoliata,AM; no others,,,
Desmanthus_illinoensis,AM; others not addressed,,,
Desmanthus_virgatus,AM; others not addressed,,,
Desmodium_brownii,AM; no others,,,
Desmodium_dichotomum,non-AM; others not addressed,,,
Desmodium_dichotomum,AM; others not addressed,,,
Desmodium_elegans,AM; others not addressed,,,
Desmodium_gangeticum,non-AM; others not addressed,,,
Desmodium_gangeticum,AM; no others,,,
Desmodium_gangeticum,AM; no others,,,
Desmodium_gangeticum,AM; no others,,,
Desmodium_heterocarpon,AM; others not addressed,,,
Desmodium_heterocarpon,AM; others not addressed,,,
Desmodium_heterocarpon,AM; others not addressed,,,
Desmodium_heterocarpon,AM; others not addressed,,,
Desmodium_heterophyllum,AM; others not addressed,,,
Desmodium_microphyllum,AM; others not addressed,,,
Desmodium_microphyllum,AM; others not addressed,,,
Desmodium_multiflorum,AM; others not addressed,,,
Desmodium_paniculatum,AM; others not addressed,,,
Desmodium_renifolium,AM; no others,,,
Desmodium_tortuosum,AM; others not addressed,,,
Desmodium_trichostachyum,AM; no others,,,
Desmodium_triflorum,AM; others not addressed,,,
Desmodium_triflorum,AM; others not addressed,,,
Desmodium_triflorum,AM; others not addressed,,,
Desmodium_triflorum,AM; others not addressed,,,
Desmodium_triflorum,AM; others not addressed,,,
Desmodium_triflorum,AM; no others,,,
Desmodium_triflorum,AM; no others,,,
Desmodium_zonatum,AM; no others,,,
Dialium_guianense,AM; others not addressed,,,
Dialium_pachyphyllum,AM; no others,,,
Dialium_pachyphyllum,AM; no others,,,
Dialium_pachyphyllum,AM; no others,,,
Dicerma_biarticulatum,AM; others not addressed,,,
Dicorynia_guianensis,AM; others not addressed,,,
Dicorynia_guianensis,AM; others not addressed,,,
Dicorynia_guianensis,AM; others not addressed,,,
Dicorynia_guianensis,AM; others not addressed,,,
Dicorynia_guianensis,AM; others not addressed,,,
Dicymbe_altsonii,"EcM,AM",,,
Didelotia_africana,EcM; others not addressed,,,
Didelotia_africana,"EcM,AM",,,
Didelotia_africana,EcM; no others,,,
Didelotia_africana,EcM; no others,,,
Didelotia_africana,EcM; others not addressed,,,
Dillwynia_cinerascens,AM; no others,,,
Dillwynia_floribunda,EcM; others not addressed,,,
Dillwynia_hispida,"EcM,AM",,,
Dillwynia_juniperina,EcM; no others,,,
Dillwynia_retorta,EcM; others not addressed,,,
Dillwynia_retorta,AM; others not addressed,,,
Dimorphandra_mollis,non-mycorrhizal (checked for all types),,,
Dinizia_excelsa,AM; others not addressed,,,
Diplotropis_purpurea,AM; others not addressed,,,
Diplotropis_purpurea,AM; others not addressed,,,
Dipteryx_odorata,AM; others not addressed,,,
Dipteryx_odorata,AM; others not addressed,,,
Dipteryx_odorata,AM; no others,,,
Distemonanthus_benthamianus,AM; others not addressed,,,
Dorycnium_hirsutum,non-mycorrhizal (checked for all types),,,
Dorycnium_pentaphyllum,AM; others not addressed,,,
Dumasia_truncata,AM; others not addressed,,,
Dunbaria_villosa,AM; others not addressed,,,
Entada_abyssinica,AM; no others,,,
Enterolobium_contortisiliquum,AM; no others,,,
Enterolobium_contortisiliquum,AM; no others,,,
Enterolobium_contortisiliquum,AM; others not addressed,,,
Enterolobium_contortisiliquum,AM; others not addressed,,,
Enterolobium_contortisiliquum,AM; others not addressed,,,
Enterolobium_contortisiliquum,non-mycorrhizal (checked for all types),,,
Enterolobium_cyclocarpum,AM; others not addressed,,,
Enterolobium_cyclocarpum,AM; others not addressed,,,
Enterolobium_schomburgkii,AM; others not addressed,,,
Eperua_bijuga,AM; others not addressed,,,
Eperua_falcata,AM; others not addressed,,,
Eperua_falcata,AM; others not addressed,,,
Eperua_falcata,AM; others not addressed,,,
Eperua_falcata,AM; no others,,,
Eperua_falcata,AM; others not addressed,,,
Eperua_grandiflora,AM; others not addressed,,,
Eperua_grandiflora,AM; others not addressed,,,
Eperua_grandiflora,AM; others not addressed,,,
Eremosparton_songoricum,AM; others not addressed,,,
Erythrina_berteroana,AM; others not addressed,,,
Erythrina_crista-galli,AM; no others,,,
Erythrina_fusca,AM; others not addressed,,,
Erythrina_fusca,AM; others not addressed,,,
Erythrina_poeppigiana,AM; others not addressed,,,
Erythrina_variegata,AM; no others,,,
Erythrina_variegata,AM; no others,,,
Erythrina_variegata,non-AM; others not addressed,,,
Erythrina_variegata,AM; others not addressed,,,
Erythrophleum_africanum,AM; no others,,,
Erythrophleum_africanum,AM; no others,,,
Erythrophleum_africanum,AM; no others,,,
Eutaxia_microphylla,EcM; others not addressed,,,
Faidherbia_albida,AM; no others,,,
Faidherbia_albida,AM; no others,,,
Faidherbia_albida,AM; no others,,,
Faidherbia_albida,AM; others not addressed,,,
Faidherbia_albida,AM; others not addressed,,,
Falcataria_moluccana,AM; others not addressed,,,
Flemingia_macrophylla,AM; others not addressed,,,
Flemingia_macrophylla,AM; others not addressed,,,
Flemingia_strobilifera,AM; others not addressed,,,
Galactia_megalophylla,AM; no others,,,
Galactia_megalophylla,AM; no others,,,
Galactia_tenuiflora,non-AM; others not addressed,,,
Galactia_tenuiflora,AM; others not addressed,,,
Galactia_tenuiflora,AM; no others,,,
Galactia_tenuiflora,AM; others not addressed,,,
Galega_orientalis,AM; others not addressed,,,
Galega_orientalis,non-mycorrhizal (checked for all types),,,
Galega_orientalis,non-mycorrhizal (checked for all types),,,
Gastrolobium_bilobum,AM; no others,,,
Genista_tinctoria,AM; others not addressed,,,
Genista_tinctoria,AM; others not addressed,,,
Genista_tinctoria,AM; others not addressed,,,
Genista_tinctoria,AM; others not addressed,,,
Genista_tinctoria,AM; others not addressed,,,
Genista_tinctoria,AM; others not addressed,,,
Genista_tinctoria,AM; others not addressed,,,
Genista_tinctoria,non-mycorrhizal (checked for all types),,,
Gleditsia_amorphoides,"EcM,AM",,,
Gleditsia_fera,other,,,
Gleditsia_triacanthos,AM; others not addressed,,,
Gleditsia_triacanthos,AM; others not addressed,,,
Gleditsia_triacanthos,AM; no others,,,
Gleditsia_triacanthos,"EcM,AM",,,
Gleditsia_triacanthos,non-EcM; others not addressed,,,
Gliricidia_sepium,AM; others not addressed,,,
Gliricidia_sepium,AM; others not addressed,,,
Gliricidia_sepium,AM; others not addressed,,,
Gliricidia_sepium,AM; others not addressed,,,
Gliricidia_sepium,AM; others not addressed,,,
Gliricidia_sepium,AM; others not addressed,,,
Glycine_clandestina,AM; no others,,,
Glycine_max,AM; others not addressed,,,
Glycine_max,AM; others not addressed,,,
Glycine_max,AM; others not addressed,,,
Glycine_max,AM; others not addressed,,,
Glycine_max,AM; others not addressed,,,
Glycine_max,AM; others not addressed,,,
Glycine_max,AM; others not addressed,,,
Glycine_max,AM; others not addressed,,,
Glycine_max,AM; others not addressed,,,
Glycine_max,AM; others not addressed,,,
Glycine_max,AM; others not addressed,,,
Glycine_max,AM; no others,,,
Glycine_max,AM; others not addressed,,,
Glycine_max,AM; others not addressed,,,
Glycine_max,AM; no others,,,
Glycine_max,AM; others not addressed,,,
Glycine_max,AM; others not addressed,,,
Glycine_max,AM; others not addressed,,,
Glycine_max,AM; others not addressed,,,
Glycine_max,AM; others not addressed,,,
Glycine_max,AM; others not addressed,,,
Glycine_tomentella,AM; no others,,,
Glycyrrhiza_glabra,AM; others not addressed,,,
Glycyrrhiza_glabra,AM; others not addressed,,,
Glycyrrhiza_glabra,AM; others not addressed,,,
Glycyrrhiza_glabra,AM; no others,,,
Glycyrrhiza_korshinskyi,AM; others not addressed,,,
Glycyrrhiza_lepidota,AM; others not addressed,,,
Glycyrrhiza_uralensis,AM; others not addressed,,,
Glycyrrhiza_uralensis,AM; no others,,,
Gompholobium_grandiflorum,AM; no others,,,
Gompholobium_huegelii,EcM; no others,,,
Gompholobium_latifolium,EcM; others not addressed,,,
Gompholobium_latifolium,EcM; others not addressed,,,
Gompholobium_marginatum,AM; no others,,,
Gompholobium_marginatum,"EcM,AM",,,
Gompholobium_marginatum,"EcM,AM",,,
Gompholobium_subulatum,AM; no others,,,
Gompholobium_tomentosum,"EcM,AM",,,
Gompholobium_tomentosum,AM; no others,,,
Gompholobium_venustum,AM; no others,,,
Gompholobium_venustum,AM; no others,,,
Gompholobium_venustum,EcM; no others,,,
Gompholobium_venustum,"EcM,AM",,,
Gossweilerodendron_balsamiferum,AM; others not addressed,,,
Gossweilerodendron_balsamiferum,AM; no others,,,
Guibourtia_coleosperma,AM; no others,,,
Gymnocladus_dioica,AM; no others,,,
Halimodendron_halodendron,AM; others not addressed,,,
Halimodendron_halodendron,AM; others not addressed,,,
Halimodendron_halodendron,AM; others not addressed,,,
Halimodendron_halodendron,AM; others not addressed,,,
Halimodendron_halodendron,AM; no others,,,
Hardenbergia_comptoniana,AM; no others,,,
Hardenbergia_comptoniana,AM; no others,,,
Hardenbergia_violacea,EcM; others not addressed,,,
Havardia_albicans,AM; others not addressed,,,
Hedysarum_alpinum,AM; others not addressed,,,
Hedysarum_boreale,AM; no others,,,
Hedysarum_caucasicum,AM; others not addressed,,,
Hedysarum_caucasicum,AM; others not addressed,,,
Hedysarum_caucasicum,AM; others not addressed,,,
Hedysarum_coronarium,AM; others not addressed,,,
Hedysarum_hedysaroides,AM; others not addressed,,,
Hedysarum_hedysaroides,AM; others not addressed,,,
Hedysarum_spinosissimum,AM; others not addressed,,,
Hippocrepis_comosa,AM; others not addressed,,,
Hippocrepis_comosa,AM; no others,,,
Hippocrepis_emerus,AM; others not addressed,,,
Hippocrepis_emerus,AM; others not addressed,,,
Hippocrepis_emerus,AM; others not addressed,,,
Hippocrepis_emerus,AM; others not addressed,,,
Hippocrepis_unisiliquosa,AM; no others,,,
Hovea_linearis,AM; no others,,,
Hovea_trisperma,AM; no others,,,
Hovea_trisperma,AM; no others,,,
Hovea_trisperma,AM; no others,,,
Hylodesmum_repandum,AM; others not addressed,,,
Hylodesmum_repandum,AM; others not addressed,,,
Hylodesmum_repandum,AM; no others,,,
Hymenaea_courbaril,AM; others not addressed,,,
Hymenaea_courbaril,AM; others not addressed,,,
Hymenaea_courbaril,AM; no others,,,
Hymenaea_courbaril,AM; no others,,,
Hymenaea_courbaril,AM; no others,,,
Hymenaea_courbaril,AM; no others,,,
Hymenaea_courbaril,AM; others not addressed,,,
Hymenaea_courbaril,AM; others not addressed,,,
Hymenaea_courbaril,AM; others not addressed,,,
Hymenaea_courbaril,non-mycorrhizal (checked for all types),,,
Hymenaea_courbaril,AM; others not addressed,,,
Hymenaea_courbaril,non-mycorrhizal (checked for all types),,,
Hymenaea_stigonocarpa,AM; others not addressed,,,
Hymenolobium_flavum,AM; others not addressed,,,
Hymenostegia_afzelii,AM; no others,,,
Hymenostegia_afzelii,AM; no others,,,
Hymenostegia_afzelii,"EcM,AM",,,
Indigofera_amblyantha,AM; others not addressed,,,
Indigofera_argentea,AM; no others,,,
Indigofera_argentea,AM; no others,,,
Indigofera_australis,EcM; no others,,,
Indigofera_brevidens,AM; others not addressed,,,
Indigofera_cordifolia,AM; others not addressed,,,
Indigofera_cordifolia,AM; no others,,,
Indigofera_cordifolia,AM; others not addressed,,,
Indigofera_glandulosa,AM; others not addressed,,,
Indigofera_hirsuta,AM; others not addressed,,,
Indigofera_hirsuta,AM; others not addressed,,,
Indigofera_hirsuta,AM; others not addressed,,,
Indigofera_hirsuta,AM; no others,,,
Indigofera_kirilowii,AM; others not addressed,,,
Indigofera_linifolia,AM; others not addressed,,,
Indigofera_linifolia,non-mycorrhizal (checked for all types),,,
Indigofera_linifolia,AM; others not addressed,,,
Indigofera_linifolia,AM; no others,,,
Indigofera_pseudotinctoria,AM; others not addressed,,,
Indigofera_tinctoria,AM; others not addressed,,,
Indigofera_tinctoria,AM; no others,,,
Indigofera_vicioides,AM; others not addressed,,,
Inga_acreana,AM; others not addressed,,,
Inga_edulis,AM; others not addressed,,,
Inga_edulis,AM; others not addressed,,,
Inga_laurina,AM; others not addressed,,,
Inga_laurina,AM; others not addressed,,,
Inga_leiocalycina,AM; others not addressed,,,
Inga_leiocalycina,AM; no others,,,
Inga_nobilis,AM; no others,,,
Inga_pezizifera,AM; no others,,,
Inga_sessilis,AM; others not addressed,,,
Inga_sessilis,AM; others not addressed,,,
Inga_thibaudiana,AM; no others,,,
Inga_vera,AM; no others,,,
Intsia_palembanica,"EcM,AM",,,
Isoberlinia_angolensis,EcM; no others,,,
Isoberlinia_angolensis,EcM; others not addressed,,,
Isoberlinia_angolensis,EcM; others not addressed,,,
Isoberlinia_angolensis,EcM; others not addressed,,,
Jacksonia_dilatata,"EcM,AM",,,
Jacksonia_dilatata,"EcM,AM",,,
Jacksonia_dilatata,"EcM,AM",,,
Jacksonia_floribunda,AM; no others,,,
Jacksonia_floribunda,AM; no others,,,
Jacksonia_floribunda,"EcM,AM",,,
Jacksonia_floribunda,"EcM,AM",,,
Jacksonia_scoparia,EcM; others not addressed,,,
Julbernardia_globiflora,EcM; no others,,,
Julbernardia_globiflora,EcM; others not addressed,,,
Julbernardia_globiflora,EcM; no others,,,
Julbernardia_globiflora,EcM; others not addressed,,,
Julbernardia_paniculata,EcM; no others,,,
Julbernardia_paniculata,EcM; no others,,,
Julbernardia_paniculata,EcM; others not addressed,,,
Julbernardia_paniculata,EcM; others not addressed,,,
Julbernardia_paniculata,EcM; others not addressed,,,
Kennedia_coccinea,non-mycorrhizal (checked for all types),,,
Kennedia_coccinea,non-mycorrhizal (checked for all types),,,
Kennedia_coccinea,non-mycorrhizal (checked for all types),,,
Kennedia_coccinea,non-mycorrhizal (checked for all types),,,
Kennedia_coccinea,AM; no others,,,
Kennedia_prostrata,AM; no others,,,
Kennedia_prostrata,AM; no others,,,
Kennedia_prostrata,AM; no others,,,
Kennedia_prostrata,EcM; others not addressed,,,
Kennedia_rubicunda,AM; no others,,,
Kennedia_rubicunda,AM; no others,,,
Koompassia_malaccensis,non-mycorrhizal (checked for all types),,,
Kummerowia_striata,AM; others not addressed,,,
Kummerowia_striata,AM; others not addressed,,,
Kummerowia_striata,AM; others not addressed,,,
Kummerowia_striata,AM; others not addressed,,,
Kummerowia_striata,AM; others not addressed,,,
Lablab_purpureus,AM; others not addressed,,,
Lablab_purpureus,AM; others not addressed,,,
Lablab_purpureus,AM; others not addressed,,,
Lablab_purpureus,AM; others not addressed,,,
Lablab_purpureus,AM; others not addressed,,,
Lablab_purpureus,AM; no others,,,
Lablab_purpureus,AM; others not addressed,,,
Laburnum_anagyroides,AM; others not addressed,,,
Lathyrus_japonicus,AM; others not addressed,,,
Lathyrus_japonicus,AM; others not addressed,,,
Lathyrus_japonicus,AM; others not addressed,,,
Lathyrus_japonicus,AM; others not addressed,,,
Lathyrus_magellanicus,AM; others not addressed,,,
Lathyrus_niger,AM; others not addressed,,,
Lathyrus_niger,non-mycorrhizal (checked for all types),,,
Lathyrus_ochroleucus,AM; others not addressed,,,
Lathyrus_odoratus,AM; others not addressed,,,
Lathyrus_odoratus,AM; others not addressed,,,
Lathyrus_palustris,AM; no others,,,
Lathyrus_palustris,AM; no others,,,
Lathyrus_pisiformis,AM; others not addressed,,,
Lathyrus_pisiformis,AM; others not addressed,,,
Lathyrus_pisiformis,AM; others not addressed,,,
Lathyrus_pisiformis,AM; no others,,,
Lathyrus_pratensis,AM; others not addressed,,,
Lathyrus_pratensis,AM; others not addressed,,,
Lathyrus_pratensis,AM; others not addressed,,,
Lathyrus_pratensis,AM; others not addressed,,,
Lathyrus_pratensis,AM; others not addressed,,,
Lathyrus_pratensis,AM; others not addressed,,,
Lathyrus_pratensis,AM; others not addressed,,,
Lathyrus_pratensis,AM; others not addressed,,,
Lathyrus_pratensis,AM; others not addressed,,,
Lathyrus_pratensis,AM; others not addressed,,,
Lathyrus_pratensis,AM; others not addressed,,,
Lathyrus_pratensis,AM; others not addressed,,,
Lathyrus_pratensis,AM; others not addressed,,,
Lathyrus_pratensis,AM; others not addressed,,,
Lathyrus_pratensis,AM; others not addressed,,,
Lathyrus_pratensis,AM; others not addressed,,,
Lathyrus_pratensis,non-mycorrhizal (checked for all types),,,
Lathyrus_pratensis,AM; no others,,,
Lathyrus_pratensis,AM; no others,,,
Lathyrus_pratensis,AM; others not addressed,,,
Lathyrus_pratensis,AM; others not addressed,,,
Lathyrus_pratensis,AM; others not addressed,,,
Lathyrus_pratensis,non-mycorrhizal (checked for all types),,,
Lathyrus_pratensis,AM; others not addressed,,,
Lathyrus_pratensis,AM; others not addressed,,,
Lathyrus_sativus,AM; others not addressed,,,
Lathyrus_tuberosus,AM; others not addressed,,,
Lathyrus_vernus,AM; others not addressed,,,
Lathyrus_vernus,AM; others not addressed,,,
Lathyrus_vernus,AM; others not addressed,,,
Lathyrus_vernus,AM; others not addressed,,,
Lathyrus_vernus,AM; others not addressed,,,
Lathyrus_vernus,AM; others not addressed,,,
Lathyrus_vernus,AM; others not addressed,,,
Lathyrus_vernus,AM; others not addressed,,,
Lathyrus_vernus,AM; others not addressed,,,
Lathyrus_vernus,AM; others not addressed,,,
Lens_culinaris,AM; others not addressed,,,
Lens_culinaris,AM; others not addressed,,,
Lens_culinaris,AM; others not addressed,,,
Lespedeza_bicolor,AM; others not addressed,,,
Lespedeza_buergeri,AM; others not addressed,,,
Lespedeza_capitata,AM; others not addressed,,,
Lespedeza_cyrtobotrya,AM; no others,,,
Lespedeza_juncea,AM; others not addressed,,,
Lespedeza_juncea,AM; others not addressed,,,
Lespedeza_juncea,AM; others not addressed,,,
Lespedeza_juncea,AM; no others,,,
Lespedeza_thunbergii,"EcM,AM",,,
Leucaena_leucocephala,AM; no others,,,
Leucaena_leucocephala,AM; no others,,,
Leucaena_leucocephala,AM; others not addressed,,,
Leucaena_leucocephala,AM; no others,,,
Leucaena_leucocephala,AM; no others,,,
Leucaena_leucocephala,AM; no others,,,
Leucaena_leucocephala,AM; no others,,,
Leucaena_leucocephala,AM; others not addressed,,,
Leucaena_leucocephala,AM; others not addressed,,,
Leucaena_leucocephala,AM; others not addressed,,,
Leucaena_leucocephala,AM; others not addressed,,,
Leucaena_leucocephala,AM; no others,,,
Leucaena_leucocephala,AM; no others,,,
Leucaena_leucocephala,AM; no others,,,
Lonchocarpus_campestris,AM; others not addressed,,,
Lonchocarpus_campestris,AM; others not addressed,,,
Lonchocarpus_muehlbergianus,AM; others not addressed,,,
Lonchocarpus_muehlbergianus,AM; others not addressed,,,
Lonchocarpus_muehlbergianus,AM; others not addressed,,,
Lonchocarpus_muehlbergianus,non-mycorrhizal (checked for all types),,,
Lonchocarpus_nitidus,EcM; others not addressed,,,
Lonchocarpus_nitidus,"EcM,AM",,,
Lotononis_involucrata,non-mycorrhizal (checked for all types),,,
Lotus_corniculatus,AM; others not addressed,,,
Lotus_corniculatus,AM; others not addressed,,,
Lotus_corniculatus,AM; others not addressed,,,
Lotus_corniculatus,AM; others not addressed,,,
Lotus_corniculatus,AM; others not addressed,,,
Lotus_corniculatus,AM; others not addressed,,,
Lotus_corniculatus,AM; others not addressed,,,
Lotus_corniculatus,AM; others not addressed,,,
Lotus_corniculatus,AM; others not addressed,,,
Lotus_corniculatus,AM; others not addressed,,,
Lotus_corniculatus,AM; others not addressed,,,
Lotus_corniculatus,AM; others not addressed,,,
Lotus_corniculatus,non-mycorrhizal (checked for all types),,,
Lotus_corniculatus,AM; others not addressed,,,
Lotus_corniculatus,AM; no others,,,
Lotus_corniculatus,AM; others not addressed,,,
Lotus_corniculatus,AM; no others,,,
Lotus_corniculatus,AM; others not addressed,,,
Lotus_corniculatus,AM; others not addressed,,,
Lotus_corniculatus,AM; others not addressed,,,
Lotus_corniculatus,non-mycorrhizal (checked for all types),,,
Lotus_corniculatus,AM; others not addressed,,,
Lotus_corniculatus,AM; others not addressed,,,
Lotus_corniculatus,AM; others not addressed,,,
Lotus_glaber,AM; others not addressed,,,
Lotus_halophilus,AM; others not addressed,,,
Lotus_ornithopodioides,non-mycorrhizal (checked for all types),,,
Lotus_pedunculatus,AM; others not addressed,,,
Lotus_tenuis,AM; others not addressed,,,
Lotus_tenuis,AM; others not addressed,,,
Lupinus_arcticus,non-mycorrhizal (checked for all types),,,
Lupinus_argenteus,AM; others not addressed,,,
Lupinus_argenteus,non-mycorrhizal (checked for all types),,,
Lupinus_luteus,AM; others not addressed,,,
Lupinus_mutabilis,AM; others not addressed,,,
Lupinus_polyphyllus,AM; others not addressed,,,
Lupinus_polyphyllus,non-mycorrhizal (checked for all types),,,
Lysiloma_latisiliquum,AM; others not addressed,,,
Lysiloma_latisiliquum,AM; others not addressed,,,
Maackia_amurensis,AM; others not addressed,,,
Maackia_amurensis,non-mycorrhizal (checked for all types),,,
Maackia_amurensis,AM; no others,,,
Maackia_amurensis,AM; others not addressed,,,
Maackia_amurensis,non-EcM; others not addressed,,,
Machaerium_nyctitans,AM; others not addressed,,,
Machaerium_stipitatum,AM; others not addressed,,,
Machaerium_stipitatum,AM; others not addressed,,,
Machaerium_stipitatum,AM; others not addressed,,,
Machaerium_stipitatum,AM; others not addressed,,,
Macrolobium_acaciifolium,AM; no others,,,
Macrolobium_acaciifolium,AM; no others,,,
Macrolobium_acaciifolium,AM; others not addressed,,,
Macrolobium_acaciifolium,EcM; no others,,,
Macrolobium_bifolium,AM; others not addressed,,,
Macrolobium_bifolium,AM; no others,,,
Macrolobium_limbatum,EcM; no others,,,
Macrolobium_suaveolens,AM; no others,,,
Macroptilium_atropurpureum,AM; others not addressed,,,
Macroptilium_atropurpureum,AM; others not addressed,,,
Macroptilium_atropurpureum,AM; others not addressed,,,
Macroptilium_lathyroides,AM; no others,,,
Macrotyloma_uniflorum,AM; others not addressed,,,
Medicago_falcata,AM; others not addressed,,,
Medicago_falcata,AM; others not addressed,,,
Medicago_falcata,AM; others not addressed,,,
Medicago_falcata,AM; others not addressed,,,
Medicago_falcata,AM; others not addressed,,,
Medicago_falcata,AM; no others,,,
Medicago_littoralis,AM; others not addressed,,,
Medicago_lupulina,AM; others not addressed,,,
Medicago_lupulina,AM; others not addressed,,,
Medicago_lupulina,AM; no others,,,
Medicago_lupulina,AM; no others,,,
Medicago_lupulina,AM; others not addressed,,,
Medicago_lupulina,AM; others not addressed,,,
Medicago_lupulina,AM; others not addressed,,,
Medicago_lupulina,AM; no others,,,
Medicago_marina,non-mycorrhizal (checked for all types),,,
Medicago_marina,AM; no others,,,
Medicago_marina,AM; others not addressed,,,
Medicago_medicaginoides,AM; others not addressed,,,
Medicago_medicaginoides,AM; others not addressed,,,
Medicago_medicaginoides,AM; others not addressed,,,
Medicago_medicaginoides,AM; others not addressed,,,
Medicago_medicaginoides,AM; others not addressed,,,
Medicago_minima,AM; others not addressed,,,
Medicago_minima,AM; no others,,,
Medicago_minima,AM; no others,,,
Medicago_minima,non-mycorrhizal (checked for all types),,,
Medicago_minima,AM; no others,,,
Medicago_minima,AM; no others,,,
Medicago_polymorpha,AM; others not addressed,,,
Medicago_polymorpha,AM; no others,,,
Medicago_polymorpha,AM; others not addressed,,,
Medicago_polymorpha,AM; others not addressed,,,
Medicago_polymorpha,AM; others not addressed,,,
Medicago_polymorpha,AM; no others,,,
Medicago_sativa,AM; others not addressed,,,
Medicago_sativa,AM; others not addressed,,,
Medicago_sativa,AM; others not addressed,,,
Medicago_sativa,AM; others not addressed,,,
Medicago_sativa,AM; others not addressed,,,
Medicago_sativa,AM; others not addressed,,,
Medicago_sativa,AM; others not addressed,,,
Medicago_sativa,AM; others not addressed,,,
Medicago_sativa,AM; others not addressed,,,
Medicago_sativa,AM; others not addressed,,,
Medicago_sativa,AM; others not addressed,,,
Medicago_sativa,AM; others not addressed,,,
Medicago_sativa,AM; no others,,,
Medicago_sativa,AM; others not addressed,,,
Medicago_sativa,AM; others not addressed,,,
Medicago_sativa,AM; others not addressed,,,
Medicago_sativa,AM; others not addressed,,,
Medicago_sativa,AM; others not addressed,,,
Medicago_sativa,AM; others not addressed,,,
Medicago_sativa,AM; others not addressed,,,
Melilotus_albus,AM; others not addressed,,,
Melilotus_albus,AM; others not addressed,,,
Melilotus_albus,AM; others not addressed,,,
Melilotus_albus,AM; others not addressed,,,
Melilotus_dentatus,AM; others not addressed,,,
Melilotus_indicus,AM; others not addressed,,,
Melilotus_indicus,AM; others not addressed,,,
Melilotus_indicus,AM; others not addressed,,,
Melilotus_officinalis,AM; others not addressed,,,
Melilotus_officinalis,AM; others not addressed,,,
Melilotus_officinalis,AM; no others,,,
Melilotus_officinalis,AM; others not addressed,,,
Melilotus_officinalis,AM; others not addressed,,,
Melilotus_officinalis,AM; others not addressed,,,
Melilotus_officinalis,AM; others not addressed,,,
Melilotus_officinalis,AM; others not addressed,,,
Melilotus_officinalis,AM; others not addressed,,,
Melilotus_officinalis,AM; no others,,,
Melilotus_suaveolens,AM; others not addressed,,,
Microberlinia_bisulcata,EcM; others not addressed,,,
Microberlinia_bisulcata,EcM; no others,,,
Microberlinia_bisulcata,EcM; no others,,,
Microberlinia_bisulcata,EcM; others not addressed,,,
Microberlinia_bisulcata,EcM; others not addressed,,,
Microberlinia_bisulcata,EcM; others not addressed,,,
Microberlinia_bisulcata,EcM; others not addressed,,,
Millettia_dielsiana,AM; others not addressed,,,
Millettia_laurentii,AM; no others,,,
Mimosa_bimucronata,AM; others not addressed,,,
Mimosa_borealis,AM; others not addressed,,,
Mimosa_lacerata,AM; others not addressed,,,
Mimosa_luisana,AM; others not addressed,,,
Mimosa_polyantha,AM; others not addressed,,,
Mimosa_pudica,AM; others not addressed,,,
Mimosa_pudica,AM; no others,,,
Mimosa_pudica,AM; no others,,,
Mimosa_pudica,AM; others not addressed,,,
Mimosa_pudica,AM; others not addressed,,,
Mimosa_pudica,AM; others not addressed,,,
Mimosa_pudica,AM; others not addressed,,,
Mimosa_pudica,AM; others not addressed,,,
Mimosa_pudica,AM; others not addressed,,,
Mimosa_pudica,AM; others not addressed,,,
Mimosa_pudica,AM; others not addressed,,,
Mimosa_pudica,AM; others not addressed,,,
Mimosa_pudica,AM; others not addressed,,,
Mimosa_pudica,AM; others not addressed,,,
Mimosa_pudica,AM; no others,,,
Mimosa_pudica,AM; no others,,,
Mimosa_pudica,AM; no others,,,
Mimosa_pudica,AM; no others,,,
Mimosa_quadrivalvis,AM; others not addressed,,,
Mimosa_scabrella,AM; no others,,,
Mimosa_scabrella,AM; others not addressed,,,
Mimosa_scabrella,AM; others not addressed,,,
Mirbelia_dilatata,AM; no others,,,
Mirbelia_dilatata,"EcM,AM",,,
Mirbelia_dilatata,"EcM,AM",,,
Mirbelia_dilatata,"EcM,AM",,,
Mirbelia_dilatata,EcM; others not addressed,,,
Mora_excelsa,AM; others not addressed,,,
Mora_excelsa,AM; no others,,,
Mora_excelsa,AM; others not addressed,,,
Mora_paraensis,AM; no others,,,
Mucuna_sempervirens,AM; others not addressed,,,
Mundulea_sericea,AM; others not addressed,,,
Myroxylon_peruiferum,AM; others not addressed,,,
Myroxylon_peruiferum,AM; others not addressed,,,
Neptunia_oleracea,non-AM; others not addressed,,,
Neptunia_oleracea,non-mycorrhizal (checked for all types),,,
Ohwia_caudata,AM; others not addressed,,,
Olneya_tesota,AM; others not addressed,,,
Olneya_tesota,AM; no others,,,
Onobrychis_arenaria,AM; others not addressed,,,
Onobrychis_arenaria,AM; others not addressed,,,
Onobrychis_biebersteinii,AM; others not addressed,,,
Onobrychis_biebersteinii,non-mycorrhizal (checked for all types),,,
Onobrychis_grandis,AM; others not addressed,,,
Onobrychis_viciifolia,AM; others not addressed,,,
Onobrychis_viciifolia,AM; others not addressed,,,
Onobrychis_viciifolia,AM; others not addressed,,,
Onobrychis_viciifolia,AM; others not addressed,,,
Ononis_reclinata,non-mycorrhizal (checked for all types),,,
Ononis_serrata,AM; others not addressed,,,
Ononis_serrata,AM; no others,,,
Ononis_spinosa,AM; no others,,,
Ononis_spinosa,AM; others not addressed,,,
Ormocarpum_kirkii,AM; no others,,,
Ormosia_arborea,non-mycorrhizal (checked for all types),,,
Ormosia_arborea,non-mycorrhizal (checked for all types),,,
Ormosia_arborea,non-mycorrhizal (checked for all types),,,
Ormosia_arborea,AM; others not addressed,,,
Ormosia_arborea,AM; others not addressed,,,
Ormosia_coccinea,AM; no others,,,
Ormosia_krugii,AM; no others,,,
Ormosia_semicastrata,AM; others not addressed,,,
Ornithopus_sativus,AM; others not addressed,,,
Orophaca_caespitosa,AM; others not addressed,,,
Otholobium_fruticans,AM; others not addressed,,,
Otholobium_fruticans,AM; no others,,,
Otholobium_hirtum,AM; others not addressed,,,
Otholobium_hirtum,AM; no others,,,
Oxylobium_ellipticum,EcM; others not addressed,,,
Oxytropis_campestris,AM; no others,,,
Oxytropis_campestris,AM; no others,,,
Oxytropis_campestris,AM; no others,,,
Oxytropis_kubanensis,AM; others not addressed,,,
Oxytropis_kubanensis,AM; others not addressed,,,
Oxytropis_kubanensis,AM; others not addressed,,,
Oxytropis_scammaniana,AM; others not addressed,,,
Oxytropis_sericea,non-mycorrhizal (checked for all types),,,
Oxytropis_splendens,AM; others not addressed,,,
Oxytropis_viscida,AM; others not addressed,,,
Pachyrhizus_erosus,AM; others not addressed,,,
Pachyrhizus_tuberosus,AM; others not addressed,,,
Parapiptadenia_rigida,AM; no others,,,
Parapiptadenia_rigida,AM; others not addressed,,,
Parapiptadenia_rigida,AM; others not addressed,,,
Parapiptadenia_rigida,AM; others not addressed,,,
Parapiptadenia_rigida,AM; others not addressed,,,
Parkia_nitida,AM; others not addressed,,,
Parkia_pendula,AM; others not addressed,,,
Parkia_pendula,AM; others not addressed,,,
Parkia_speciosa,AM; others not addressed,,,
Parkia_velutina,EcM; no others,,,
Parkinsonia_aculeata,AM; no others,,,
Parkinsonia_aculeata,AM; others not addressed,,,
Parkinsonia_aculeata,AM; others not addressed,,,
Parkinsonia_aculeata,AM; others not addressed,,,
Peltogyne_paniculata,AM; others not addressed,,,
Peltogyne_paniculata,AM; others not addressed,,,
Peltogyne_venosa,AM; others not addressed,,,
Peltophorum_dubium,AM; no others,,,
Peltophorum_dubium,AM; no others,,,
Peltophorum_dubium,non-mycorrhizal (checked for all types),,,
Peltophorum_dubium,non-mycorrhizal (checked for all types),,,
Peltophorum_dubium,non-mycorrhizal (checked for all types),,,
Peltophorum_dubium,non-mycorrhizal (checked for all types),,,
Peltophorum_dubium,non-mycorrhizal (checked for all types),,,
Peltophorum_pterocarpum,AM; no others,,,
Peltophorum_pterocarpum,non-mycorrhizal (checked for all types),,,
Peltophorum_pterocarpum,AM; no others,,,
Peltophorum_pterocarpum,AM; no others,,,
Peltophorum_pterocarpum,non-mycorrhizal (checked for all types),,,
Pentaclethra_macroloba,AM; others not addressed,,,
Pentaclethra_macroloba,AM; no others,,,
Pentaclethra_macroloba,AM; others not addressed,,,
Pentaclethra_macroloba,AM; others not addressed,,,
Pericopsis_angolensis,AM; no others,,,
Pericopsis_angolensis,EcM; no others,,,
Pericopsis_angolensis,EcM; others not addressed,,,
Pericopsis_angolensis,AM; no others,,,
Pericopsis_elata,AM; no others,,,
Phaseolus_lunatus,AM; others not addressed,,,
Phaseolus_vulgaris,AM; others not addressed,,,
Phaseolus_vulgaris,AM; others not addressed,,,
Phaseolus_vulgaris,AM; others not addressed,,,
Phaseolus_vulgaris,AM; others not addressed,,,
Phaseolus_vulgaris,AM; others not addressed,,,
Phaseolus_vulgaris,AM; others not addressed,,,
Piliostigma_malabaricum,"EcM,AM",,,
Piptadenia_gonoacantha,AM; others not addressed,,,
Pisum_sativum,AM; others not addressed,,,
Pisum_sativum,AM; others not addressed,,,
Pisum_sativum,AM; others not addressed,,,
Pisum_sativum,AM; others not addressed,,,
Pisum_sativum,AM; others not addressed,,,
Pisum_sativum,AM; others not addressed,,,
Pisum_sativum,AM; others not addressed,,,
Pithecellobium_dulce,AM; others not addressed,,,
Pithecellobium_dulce,non-AM; others not addressed,,,
Pithecellobium_dulce,AM; others not addressed,,,
Pithecellobium_dulce,AM; others not addressed,,,
Pithecellobium_dulce,AM; others not addressed,,,
Plathymenia_foliolosa,AM; others not addressed,,,
Plathymenia_foliolosa,AM; others not addressed,,,
Platycyamus_regnellii,AM; others not addressed,,,
Platycyamus_regnellii,non-mycorrhizal (checked for all types),,,
Platycyamus_regnellii,AM; others not addressed,,,
Platylobium_formosum,EcM; no others,,,
Platylobium_obtusangulum,AM; others not addressed,,,
Platylobium_obtusangulum,AM; others not addressed,,,
Platylobium_obtusangulum,EcM; others not addressed,,,
Platymiscium_trinitatis,AM; others not addressed,,,
Platypodium_elegans,AM; others not addressed,,,
Platypodium_elegans,AM; others not addressed,,,
Platypodium_elegans,non-mycorrhizal (checked for all types),,,
Podalyria_calyptrata,AM; no others,,,
Podalyria_sericea,AM; others not addressed,,,
Podalyria_sericea,AM; no others,,,
Poecilanthe_parviflora,AM; no others,,,
Poecilanthe_parviflora,AM; others not addressed,,,
Poecilanthe_parviflora,AM; others not addressed,,,
Pongamia_pinnata,AM; others not addressed,,,
Pongamia_pinnata,AM; others not addressed,,,
Pongamia_pinnata,non-AM; others not addressed,,,
Pongamia_pinnata,AM; others not addressed,,,
Pongamia_pinnata,AM; others not addressed,,,
Pongamia_pinnata,AM; others not addressed,,,
Pongamia_pinnata,AM; others not addressed,,,
Pongamia_pinnata,AM; others not addressed,,,
Pongamia_pinnata,AM; no others,,,
Pongamia_pinnata,AM; no others,,,
Pongamia_pinnata,AM; no others,,,
Pongamia_pinnata,AM; no others,,,
Prosopis_alba,AM; no others,,,
Prosopis_alba,AM; others not addressed,,,
Prosopis_articulata,AM; others not addressed,,,
Prosopis_articulata,AM; no others,,,
Prosopis_chilensis,AM; others not addressed,,,
Prosopis_chilensis,AM; others not addressed,,,
Prosopis_chilensis,AM; others not addressed,,,
Prosopis_chilensis,AM; others not addressed,,,
Prosopis_cineraria,AM; others not addressed,,,
Prosopis_cineraria,AM; others not addressed,,,
Prosopis_cineraria,AM; others not addressed,,,
Prosopis_cineraria,non-mycorrhizal (checked for all types),,,
Prosopis_cineraria,AM; others not addressed,,,
Prosopis_cineraria,non-mycorrhizal (checked for all types),,,
Prosopis_glandulosa,AM; others not addressed,,,
Prosopis_juliflora,AM; others not addressed,,,
Prosopis_juliflora,AM; others not addressed,,,
Prosopis_juliflora,AM; others not addressed,,,
Prosopis_juliflora,AM; others not addressed,,,
Prosopis_juliflora,AM; others not addressed,,,
Prosopis_juliflora,AM; no others,,,
Prosopis_juliflora,AM; others not addressed,,,
Prosopis_juliflora,AM; others not addressed,,,
Prosopis_juliflora,AM; others not addressed,,,
Prosopis_juliflora,AM; no others,,,
Prosopis_juliflora,AM; no others,,,
Prosopis_juliflora,non-mycorrhizal (checked for all types),,,
Prosopis_laevigata,AM; others not addressed,,,
Prosopis_nigra,AM; no others,,,
Prosopis_nigra,AM; others not addressed,,,
Prosopis_pallida,AM; others not addressed,,,
Pseudarthria_viscida,AM; others not addressed,,,
Pseudarthria_viscida,non-AM; others not addressed,,,
Psophocarpus_tetragonolobus,AM; others not addressed,,,
Psoralea_pinnata,AM; others not addressed,,,
Psoralea_pinnata,AM; others not addressed,,,
Psoralea_pinnata,AM; no others,,,
Psorothamnus_schottii,AM; others not addressed,,,
Psorothamnus_spinosus,AM; others not addressed,,,
Psorothamnus_spinosus,AM; others not addressed,,,
Pterocarpus_amazonum,AM; no others,,,
Pterocarpus_amazonum,AM; no others,,,
Pterocarpus_angolensis,AM; no others,,,
Pterocarpus_angolensis,AM; no others,,,
Pterocarpus_angolensis,AM; others not addressed,,,
Pterocarpus_antunesii,AM; no others,,,
Pterocarpus_macrocarpus,AM; no others,,,
Pterocarpus_macrocarpus,AM; no others,,,
Pterocarpus_macrocarpus,AM; no others,,,
Pterocarpus_macrocarpus,AM; no others,,,
Pterocarpus_officinalis,AM; others not addressed,,,
Pterocarpus_rohrii,AM; others not addressed,,,
Pterocarpus_rotundifolius,AM; no others,,,
Pterocarpus_santalinus,AM; no others,,,
Pterocarpus_soyauxii,AM; others not addressed,,,
Pterodon_emarginatus,AM; others not addressed,,,
Pterogyne_nitens,AM; others not addressed,,,
Pterogyne_nitens,AM; others not addressed,,,
Pterogyne_nitens,AM; others not addressed,,,
Pueraria_montana,AM; others not addressed,,,
Pueraria_phaseoloides,AM; others not addressed,,,
Pueraria_phaseoloides,AM; no others,,,
Pultenaea_daphnoides,AM; others not addressed,,,
Pultenaea_daphnoides,AM; others not addressed,,,
Pultenaea_daphnoides,EcM; others not addressed,,,
Pultenaea_elliptica,"EcM,AM",,,
Pultenaea_scabra,EcM; others not addressed,,,
Pycnospora_lutescens,AM; others not addressed,,,
Rafnia_angulata,AM; no others,,,
Retama_sphaerocarpa,AM; others not addressed,,,
Retama_sphaerocarpa,AM; others not addressed,,,
Retama_sphaerocarpa,AM; others not addressed,,,
Retama_sphaerocarpa,AM; others not addressed,,,
Rhynchosia_minima,non-AM; others not addressed,,,
Rhynchosia_minima,AM; others not addressed,,,
Rhynchosia_minima,non-mycorrhizal (checked for all types),,,
Rhynchosia_rufescens,AM; others not addressed,,,
Rhynchosia_volubilis,AM; others not addressed,,,
Robinia_hispida,AM; others not addressed,,,
Robinia_hispida,AM; others not addressed,,,
Robinia_pseudoacacia,AM; others not addressed,,,
Robinia_pseudoacacia,AM; others not addressed,,,
Robinia_pseudoacacia,AM; others not addressed,,,
Robinia_pseudoacacia,AM; others not addressed,,,
Robinia_pseudoacacia,AM; others not addressed,,,
Robinia_pseudoacacia,AM; no others,,,
Robinia_pseudoacacia,non-mycorrhizal (checked for all types),,,
Robinia_pseudoacacia,AM; no others,,,
Robinia_pseudoacacia,non-mycorrhizal (checked for all types),,,
Robinia_pseudoacacia,AM; others not addressed,,,
Robinia_pseudoacacia,AM; others not addressed,,,
Robinia_pseudoacacia,AM; others not addressed,,,
Robinia_pseudoacacia,AM; others not addressed,,,
Robinia_pseudoacacia,AM; no others,,,
Robinia_pseudoacacia,AM; others not addressed,,,
Robinia_pseudoacacia,"EcM,AM",,,
Robinia_pseudoacacia,EcM; others not addressed,,,
Robinia_pseudoacacia,"EcM,AM",,,
Robinia_pseudoacacia,EcM; others not addressed,,,
Robinia_pseudoacacia,AM; others not addressed,,,
Robinia_pseudoacacia,AM; others not addressed,,,
Robinia_pseudoacacia,AM; others not addressed,,,
Robinia_pseudoacacia,AM; others not addressed,,,
Robinia_pseudoacacia,AM; others not addressed,,,
Robinia_pseudoacacia,non-EcM; others not addressed,,,
Rothia_indica,non-AM; others not addressed,,,
Rothia_indica,AM; others not addressed,,,
Saraca_asoca,AM; no others,,,
Saraca_asoca,AM; no others,,,
Schizolobium_parahyba,AM; others not addressed,,,
Schizolobium_parahyba,AM; others not addressed,,,
Sclerolobium_melinonii,AM; others not addressed,,,
Sclerolobium_rugosum,AM; others not addressed,,,
Scorodophloeus_zenkeri,AM; no others,,,
Scorodophloeus_zenkeri,AM; others not addressed,,,
Scorpiurus_muricatus,AM; no others,,,
Securigera_orientalis,AM; others not addressed,,,
Securigera_securidaca,AM; no others,,,
Securigera_varia,AM; others not addressed,,,
Securigera_varia,non-mycorrhizal (checked for all types),,,
Securigera_varia,AM; others not addressed,,,
Securigera_varia,AM; others not addressed,,,
Securigera_varia,AM; others not addressed,,,
Securigera_varia,non-mycorrhizal (checked for all types),,,
Senna_aphylla,AM; no others,,,
Senna_aphylla,AM; others not addressed,,,
Senna_aphylla,AM; others not addressed,,,
Senna_auriculata,AM; others not addressed,,,
Senna_auriculata,AM; others not addressed,,,
Senna_corymbosa,AM; no others,,,
Senna_italica,AM; others not addressed,,,
Senna_italica,non-mycorrhizal (checked for all types),,,
Senna_multijuga,AM; others not addressed,,,
Senna_multijuga,AM; others not addressed,,,
Senna_obtusifolia,AM; others not addressed,,,
Senna_obtusifolia,AM; others not addressed,,,
Senna_obtusifolia,AM; others not addressed,,,
Senna_obtusifolia,AM; no others,,,
Senna_occidentalis,AM; others not addressed,,,
Senna_reticulata,AM; others not addressed,,,
Senna_silvestris,AM; others not addressed,,,
Senna_singueana,AM; others not addressed,,,
Senna_spectabilis,AM; others not addressed,,,
Senna_spectabilis,AM; no others,,,
Senna_spectabilis,AM; others not addressed,,,
Senna_spectabilis,AM; others not addressed,,,
Senna_spectabilis,AM; others not addressed,,,
Senna_surattensis,AM; no others,,,
Senna_surattensis,AM; others not addressed,,,
Senna_surattensis,AM; no others,,,
Senna_uniflora,AM; others not addressed,,,
Sesbania_bispinosa,AM; others not addressed,,,
Sesbania_bispinosa,AM; others not addressed,,,
Sesbania_cannabina,AM; others not addressed,,,
Sesbania_grandiflora,AM; no others,,,
Sesbania_grandiflora,non-mycorrhizal (checked for all types),,,
Sesbania_grandiflora,AM; others not addressed,,,
Sesbania_leptocarpa,AM; no others,,,
Sesbania_punicea,AM; no others,,,
Sesbania_sesban,non-AM; others not addressed,,,
Sesbania_sesban,AM; others not addressed,,,
Sesbania_sesban,AM; no others,,,
Sesbania_tomentosa,AM; no others,,,
Sesbania_tomentosa,AM; others not addressed,,,
Sesbania_tomentosa,AM; no others,,,
Sindora_siamensis,AM; no others,,,
Sindora_siamensis,AM; no others,,,
Sindora_siamensis,AM; no others,,,
Smithia_bigemina,non-mycorrhizal (checked for all types),,,
Smithia_sensitiva,AM; others not addressed,,,
Sophora_alopecuroides,AM; others not addressed,,,
Sophora_chrysophylla,AM; no others,,,
Sophora_chrysophylla,AM; others not addressed,,,
Sophora_davidii,AM; others not addressed,,,
Sophora_davidii,AM; others not addressed,,,
Sophora_mollis,AM; no others,,,
Sophora_tomentosa,AM; no others,,,
Spartium_junceum,AM; others not addressed,,,
Spartium_junceum,AM; others not addressed,,,
Sphaerophysa_salsula,AM; others not addressed,,,
Strophostyles_umbellata,AM; others not addressed,,,
Stryphnodendron_guianense,AM; others not addressed,,,
Stryphnodendron_microstachyum,AM; others not addressed,,,
Stryphnodendron_microstachyum,AM; others not addressed,,,
Stylosanthes_capitata,AM; others not addressed,,,
Stylosanthes_fruticosa,AM; others not addressed,,,
Stylosanthes_guianensis,AM; no others,,,
Stylosanthes_guianensis,AM; others not addressed,,,
Stylosanthes_guianensis,AM; no others,,,
Stylosanthes_hamata,AM; no others,,,
Stylosanthes_hamata,AM; no others,,,
Stylosanthes_humilis,AM; no others,,,
Stylosanthes_humilis,AM; no others,,,
Stylosanthes_humilis,AM; no others,,,
Stylosanthes_subsericea,AM; no others,,,
Styphnolobium_japonicum,AM; others not addressed,,,
Swainsona_phacoides,AM; others not addressed,,,
Swartzia_jenmanii,AM; no others,,,
Swartzia_laevicarpa,AM; no others,,,
Swartzia_langsdorffii,non-mycorrhizal (checked for all types),,,
Swartzia_polyphylla,AM; no others,,,
Tachigali_paniculata,AM; others not addressed,,,
Tadehagi_triquetrum,AM; no others,,,
Tamarindus_indica,non-mycorrhizal (checked for all types),,,
Tamarindus_indica,AM; no others,,,
Tamarindus_indica,AM; no others,,,
Tamarindus_indica,non-AM; others not addressed,,,
Tamarindus_indica,AM; others not addressed,,,
Tamarindus_indica,AM; others not addressed,,,
Tamarindus_indica,AM; others not addressed,,,
Tamarindus_indica,AM; others not addressed,,,
Tamarindus_indica,AM; no others,,,
Tamarindus_indica,AM; others not addressed,,,
Tamarindus_indica,AM; others not addressed,,,
Tamarindus_indica,AM; others not addressed,,,
Tamarindus_indica,AM; others not addressed,,,
Tamarindus_indica,AM; no others,,,
Tamarindus_indica,AM; no others,,,
Tephrosia_hookeriana,AM; others not addressed,,,
Tephrosia_hookeriana,AM; others not addressed,,,
Tephrosia_hookeriana,AM; others not addressed,,,
Tephrosia_pumila,AM; others not addressed,,,
Tephrosia_purpurea,AM; others not addressed,,,
Tephrosia_purpurea,AM; others not addressed,,,
Tephrosia_purpurea,AM; others not addressed,,,
Tephrosia_purpurea,AM; no others,,,
Tephrosia_purpurea,AM; others not addressed,,,
Tephrosia_purpurea,AM; others not addressed,,,
Tephrosia_purpurea,AM; others not addressed,,,
Tephrosia_purpurea,AM; others not addressed,,,
Tephrosia_purpurea,AM; others not addressed,,,
Tephrosia_purpurea,non-mycorrhizal (checked for all types),,,
Tephrosia_purpurea,AM; others not addressed,,,
Tephrosia_purpurea,AM; others not addressed,,,
Tephrosia_purpurea,AM; others not addressed,,,
Tephrosia_purpurea,AM; others not addressed,,,
Tephrosia_purpurea,AM; no others,,,
Tephrosia_remotiflora,AM; no others,,,
Tephrosia_sphaerospora,AM; others not addressed,,,
Tephrosia_villosa,AM; others not addressed,,,
Tephrosia_virginiana,AM; no others,,,
Tephrosia_virginiana,AM; no others,,,
Teramnus_labialis,non-AM; others not addressed,,,
Teramnus_labialis,AM; others not addressed,,,
Teramnus_labialis,AM; no others,,,
Tetraberlinia_bifoliolata,EcM; others not addressed,,,
Tetraberlinia_bifoliolata,"EcM,AM",,,
Tetraberlinia_bifoliolata,EcM; no others,,,
Tetraberlinia_bifoliolata,EcM; others not addressed,,,
Tetraberlinia_bifoliolata,EcM; others not addressed,,,
Tetraberlinia_moreliana,EcM; others not addressed,,,
Tetraberlinia_moreliana,EcM; no others,,,
Tetraberlinia_moreliana,EcM; no others,,,
Thermopsis_lanceolata,AM; others not addressed,,,
Thermopsis_lanceolata,AM; others not addressed,,,
Thermopsis_lanceolata,AM; others not addressed,,,
Thermopsis_lanceolata,AM; others not addressed,,,
Tipuana_tipu,AM; others not addressed,,,
Tipuana_tipu,AM; others not addressed,,,
Trifolium_alexandrinum,AM; others not addressed,,,
Trifolium_alpestre,AM; others not addressed,,,
Trifolium_alpestre,AM; others not addressed,,,
Trifolium_alpestre,non-mycorrhizal (checked for all types),,,
Trifolium_ambiguum,AM; others not addressed,,,
Trifolium_ambiguum,AM; others not addressed,,,
Trifolium_ambiguum,AM; others not addressed,,,
Trifolium_ambiguum,AM; others not addressed,,,
Trifolium_ambiguum,AM; others not addressed,,,
Trifolium_ambiguum,non-mycorrhizal (checked for all types),,,
Trifolium_ambiguum,AM; others not addressed,,,
Trifolium_angustifolium,AM; no others,,,
Trifolium_arvense,AM; others not addressed,,,
Trifolium_arvense,AM; others not addressed,,,
Trifolium_arvense,AM; no others,,,
Trifolium_arvense,AM; no others,,,
Trifolium_aureum,AM; others not addressed,,,
Trifolium_aureum,AM; others not addressed,,,
Trifolium_aureum,AM; no others,,,
Trifolium_badium,AM; others not addressed,,,
Trifolium_badium,AM; others not addressed,,,
Trifolium_badium,AM; others not addressed,,,
Trifolium_campestre,non-mycorrhizal (checked for all types),,,
Trifolium_canescens,AM; others not addressed,,,
Trifolium_canescens,AM; others not addressed,,,
Trifolium_canescens,AM; others not addressed,,,
Trifolium_canescens,AM; others not addressed,,,
Trifolium_canescens,AM; others not addressed,,,
Trifolium_canescens,AM; others not addressed,,,
Trifolium_dasyphyllum,non-mycorrhizal (checked for all types),,,
Trifolium_dubium,AM; others not addressed,,,
Trifolium_dubium,AM; others not addressed,,,
Trifolium_dubium,AM; others not addressed,,,
Trifolium_dubium,AM; others not addressed,,,
Trifolium_dubium,AM; others not addressed,,,
Trifolium_dubium,AM; others not addressed,,,
Trifolium_dubium,AM; no others,,,
Trifolium_fragiferum,AM; others not addressed,,,
Trifolium_fragiferum,non-mycorrhizal (checked for all types),,,
Trifolium_fragiferum,AM; no others,,,
Trifolium_fragiferum,AM; no others,,,
Trifolium_glomeratum,AM; others not addressed,,,
Trifolium_glomeratum,AM; no others,,,
Trifolium_haydenii,AM; no others,,,
Trifolium_haydenii,AM; no others,,,
Trifolium_hybridum,AM; others not addressed,,,
Trifolium_hybridum,AM; others not addressed,,,
Trifolium_hybridum,AM; others not addressed,,,
Trifolium_hybridum,AM; others not addressed,,,
Trifolium_hybridum,AM; others not addressed,,,
Trifolium_hybridum,AM; others not addressed,,,
Trifolium_hybridum,non-mycorrhizal (checked for all types),,,
Trifolium_lupinaster,AM; others not addressed,,,
Trifolium_lupinaster,AM; others not addressed,,,
Trifolium_lupinaster,AM; others not addressed,,,
Trifolium_lupinaster,AM; others not addressed,,,
Trifolium_lupinaster,AM; others not addressed,,,
Trifolium_lupinaster,AM; others not addressed,,,
Trifolium_lupinaster,AM; others not addressed,,,
Trifolium_lupinaster,AM; no others,,,
Trifolium_medium,AM; others not addressed,,,
Trifolium_medium,AM; others not addressed,,,
Trifolium_medium,AM; others not addressed,,,
Trifolium_medium,AM; others not addressed,,,
Trifolium_medium,AM; others not addressed,,,
Trifolium_medium,AM; others not addressed,,,
Trifolium_medium,AM; no others,,,
Trifolium_medium,AM; others not addressed,,,
Trifolium_medium,AM; others not addressed,,,
Trifolium_medium,AM; others not addressed,,,
Trifolium_parryi,non-mycorrhizal (checked for all types),,,
Trifolium_parryi,AM; no others,,,
Trifolium_polyphyllum,AM; others not addressed,,,
Trifolium_polyphyllum,AM; others not addressed,,,
Trifolium_pratense,AM; others not addressed,,,
Trifolium_pratense,AM; others not addressed,,,
Trifolium_pratense,AM; others not addressed,,,
Trifolium_pratense,AM; others not addressed,,,
Trifolium_pratense,AM; others not addressed,,,
Trifolium_pratense,AM; others not addressed,,,
Trifolium_pratense,AM; others not addressed,,,
Trifolium_pratense,AM; others not addressed,,,
Trifolium_pratense,AM; others not addressed,,,
Trifolium_pratense,AM; others not addressed,,,
Trifolium_pratense,AM; others not addressed,,,
Trifolium_pratense,AM; others not addressed,,,
Trifolium_pratense,AM; others not addressed,,,
Trifolium_pratense,AM; others not addressed,,,
Trifolium_pratense,AM; no others,,,
Trifolium_pratense,AM; no others,,,
Trifolium_pratense,AM; no others,,,
Trifolium_pratense,AM; no others,,,
Trifolium_pratense,AM; others not addressed,,,
Trifolium_pratense,AM; others not addressed,,,
Trifolium_pratense,AM; others not addressed,,,
Trifolium_pratense,AM; others not addressed,,,
Trifolium_pratense,AM; others not addressed,,,
Trifolium_pratense,AM; others not addressed,,,
Trifolium_pratense,AM; others not addressed,,,
Trifolium_pratense,AM; others not addressed,,,
Trifolium_pratense,AM; others not addressed,,,
Trifolium_pratense,AM; others not addressed,,,
Trifolium_pratense,non-mycorrhizal (checked for all types),,,
Trifolium_pratense,AM; others not addressed,,,
Trifolium_pratense,AM; others not addressed,,,
Trifolium_pratense,AM; others not addressed,,,
Trifolium_pratense,AM; others not addressed,,,
Trifolium_pratense,AM; others not addressed,,,
Trifolium_pratense,AM; others not addressed,,,
Trifolium_pratense,AM; others not addressed,,,
Trifolium_pratense,AM; others not addressed,,,
Trifolium_pratense,AM; others not addressed,,,
Trifolium_pratense,AM; others not addressed,,,
Trifolium_pratense,AM; others not addressed,,,
Trifolium_pratense,AM; others not addressed,,,
Trifolium_pratense,AM; others not addressed,,,
Trifolium_pratense,AM; others not addressed,,,
Trifolium_pratense,AM; others not addressed,,,
Trifolium_repens,AM; others not addressed,,,
Trifolium_repens,AM; others not addressed,,,
Trifolium_repens,AM; others not addressed,,,
Trifolium_repens,AM; others not addressed,,,
Trifolium_repens,AM; others not addressed,,,
Trifolium_repens,AM; others not addressed,,,
Trifolium_repens,AM; others not addressed,,,
Trifolium_repens,AM; others not addressed,,,
Trifolium_repens,AM; others not addressed,,,
Trifolium_repens,AM; others not addressed,,,
Trifolium_repens,AM; others not addressed,,,
Trifolium_repens,AM; no others,,,
Trifolium_repens,AM; no others,,,
Trifolium_repens,AM; no others,,,
Trifolium_repens,AM; no others,,,
Trifolium_repens,AM; no others,,,
Trifolium_repens,AM; no others,,,
Trifolium_repens,AM; others not addressed,,,
Trifolium_repens,AM; others not addressed,,,
Trifolium_repens,AM; others not addressed,,,
Trifolium_repens,AM; others not addressed,,,
Trifolium_repens,AM; others not addressed,,,
Trifolium_repens,AM; others not addressed,,,
Trifolium_repens,AM; others not addressed,,,
Trifolium_repens,AM; others not addressed,,,
Trifolium_repens,AM; others not addressed,,,
Trifolium_repens,AM; others not addressed,,,
Trifolium_repens,AM; others not addressed,,,
Trifolium_repens,AM; others not addressed,,,
Trifolium_repens,AM; others not addressed,,,
Trifolium_repens,AM; others not addressed,,,
Trifolium_repens,AM; others not addressed,,,
Trifolium_repens,AM; others not addressed,,,
Trifolium_repens,AM; others not addressed,,,
Trifolium_repens,AM; others not addressed,,,
Trifolium_repens,AM; others not addressed,,,
Trifolium_repens,AM; others not addressed,,,
Trifolium_repens,AM; others not addressed,,,
Trifolium_repens,AM; others not addressed,,,
Trifolium_repens,AM; others not addressed,,,
Trifolium_repens,AM; others not addressed,,,
Trifolium_repens,AM; others not addressed,,,
Trifolium_repens,AM; others not addressed,,,
Trifolium_repens,AM; others not addressed,,,
Trifolium_repens,AM; others not addressed,,,
Trifolium_repens,AM; others not addressed,,,
Trifolium_repens,AM; others not addressed,,,
Trifolium_repens,AM; others not addressed,,,
Trifolium_repens,AM; no others,,,
Trifolium_repens,AM; others not addressed,,,
Trifolium_repens,AM; others not addressed,,,
Trifolium_resupinatum,AM; others not addressed,,,
Trifolium_spadiceum,AM; others not addressed,AM,4,1
Trifolium_stellatum,non-mycorrhizal (checked for all types),NM,1,1
Trifolium_subterraneum,AM; others not addressed,AM,6,0.833333333
Tripodion_tetraphyllum,AM; no others,AM,1,1
Ulex_europaeus,AM; others not addressed,AM,3,1
Ulex_gallii,non-mycorrhizal (checked for all types),NM,1,1
Uraria_cylindracea,AM; no others,AM,2,1
Vicia_americana,AM; others not addressed,AM,,1
Vicia_cracca,AM; others not addressed,AM,17,1
Vicia_faba,AM; others not addressed,AM,10,1
Vicia_hirsuta,AM; others not addressed,AM,3,1
Vicia_ramuliflora,AM; others not addressed,AM,2,1
Vicia_sativa,AM; no others,AM,6,1
Vicia_sepium,AM; others not addressed,AM,19,1
Vicia_sylvatica,AM; others not addressed,AM,5,0.8
Vicia_tenuifolia,AM; others not addressed,AM,1,1
Vicia_tetrasperma,AM; others not addressed,AM,4,0.75
Vicia_villosa,AM; others not addressed,AM,1,1
Vigna_aconitifolia,AM; others not addressed,AM,1,1
Vigna_adenantha,AM; others not addressed,AM,4,0.75
Vigna_angularis,AM; others not addressed,AM,1,1
Vigna_dalzelliana,AM; no others,AM,1,1
Vigna_lanceolata,AM; no others,AM,1,1
Vigna_luteola,AM; others not addressed,AM,1,1
Vigna_marina,AM; no others,AM,3,1
Vigna_mungo,AM; others not addressed,AM,5,1
Vigna_parkeri,AM; others not addressed,AM,1,1
Vigna_radiata,AM; others not addressed,AM,5,1
Vigna_trilobata,AM; others not addressed,,,
Vigna_unguiculata,AM; others not addressed,AM,10,1
Viminaria_juncea,AM; no others,AM,5,0.8
Virgilia_oroboides,AM; no others,AM,2,0.5
Vouacapoua_americana,AM; others not addressed,AM,1,1
Vouacapoua_pallidior,AM; others not addressed,AM,2,0.5
Wisteria_floribunda,AM; others not addressed,AM,1,1
Wisteria_sinensis,AM; others not addressed,AM,2,0.5
Xeroderris_stuhlmannii,AM; no others,AM,2,1
Xylia_xylocarpa,AM; no others,AM,5,1
Zornia_diphylla,AM; others not addressed,AM,1,1
Zornia_gibbosa,AM; others not addressed,AM,3,1
Zygia_longifolia,AM; others not addressed,AM,1,1
